"Data Source","World Development Indicators",

"Last Updated Date","2016-11-17",

"Country Name","Country Code","Indicator Name","Indicator Code","1960","1961","1962","1963","1964","1965","1966","1967","1968","1969","1970","1971","1972","1973","1974","1975","1976","1977","1978","1979","1980","1981","1982","1983","1984","1985","1986","1987","1988","1989","1990","1991","1992","1993","1994","1995","1996","1997","1998","1999","2000","2001","2002","2003","2004","2005","2006","2007","2008","2009","2010","2011","2012","2013","2014","2015","2016",
"Aruba","ABW","Proportion of seats held by women in national parliaments (%)","SG.GEN.PARL.ZS","","","","","","","","","","","","","","","","","","","","","","","","","","","","","","","","","","","","","","","","","","","","","","","","","","","","","","","","","",
"Andorra","AND","Proportion of seats held by women in national parliaments (%)","SG.GEN.PARL.ZS","","","","","","","","","","","","","","","","","","","","","","","","","","","","","","","","","","","","","","7.1","7.1","7.1","7.1","14.3","14.3","14.3","14.3","28.6","28.6","28.6","25","35.7","35.7","50","50","50","50","39.3","39.3",
"Afghanistan","AFG","Proportion of seats held by women in national parliaments (%)","SG.GEN.PARL.ZS","","","","","","","","","","","","","","","","","","","","","","","","","","","","","","","3.7","","","","","","","","","","","","","","","27.3","27.3","27.7","27.7","27.3","27.7","27.7","27.7","27.7","27.7","27.7","27.7",
"Angola","AGO","Proportion of seats held by women in national parliaments (%)","SG.GEN.PARL.ZS","","","","","","","","","","","","","","","","","","","","","","","","","","","","","","","14.5","","","","","","","9.5","15.5","15.5","15.5","15.5","15.5","15.5","15","15","15","15","37.3","38.6","38.6","38.2","34.1","34.1","36.8","36.8","36.8",
"Albania","ALB","Proportion of seats held by women in national parliaments (%)","SG.GEN.PARL.ZS","","","","","","","","","","","","","","","","","","","","","","","","","","","","","","","28.8","","","","","","","","","5.2","5.2","5.7","5.7","5.7","6.4","7.1","7.1","7.1","7.1","16.4","16.4","15.7","15.7","17.9","20","20.7","20.7",
"Arab World","ARB","Proportion of seats held by women in national parliaments (%)","SG.GEN.PARL.ZS","","","","","","","","","","","","","","","","","","","","","","","","","","","","","","","3.89143920595534","","","","","","","3.75783497350492","3.47423537234043","3.6234320892651","3.7681031165833","4.61059763724809","6.13235192241081","6.0439175257732","6.7026706231454","7.0417823228634","9.35781922525108","9.76215634711929","9.81092517332058","9.91258880994672","11.9239257179875","11.3352657004831","14.8720183486239","17.49244456611","17.7939697133586","18.779151193634","18.2496106275767",
"United Arab Emirates","ARE","Proportion of seats held by women in national parliaments (%)","SG.GEN.PARL.ZS","","","","","","","","","","","","","","","","","","","","","","","","","","","","","","","0","","","","","","","0","0","0","0","0","0","0","0","0","5","22.5","22.5","22.5","22.5","17.5","17.5","17.5","17.5","22.5","22.5",
"Argentina","ARG","Proportion of seats held by women in national parliaments (%)","SG.GEN.PARL.ZS","","","","","","","","","","","","","","","","","","","","","","","","","","","","","","","6.3","","","","","","","27.6","27.6","","26.5","","30.7","30.7","33.7","36.2","35","40","40","38.5","38.5","37.4","37.4","","36.6","","35.8",
"Armenia","ARM","Proportion of seats held by women in national parliaments (%)","SG.GEN.PARL.ZS","","","","","","","","","","","","","","","","","","","","","","","","","","","","","","","35.6","","","","","","","6.3","6.3","3.1","3.1","3.1","3.1","4.6","5.3","5.3","5.3","9.2","8.4","9.2","9.2","8.4","10.7","10.7","10.7","10.7","10.7",
"American Samoa","ASM","Proportion of seats held by women in national parliaments (%)","SG.GEN.PARL.ZS","","","","","","","","","","","","","","","","","","","","","","","","","","","","","","","","","","","","","","","","","","","","","","","","","","","","","","","","","",
"Antigua and Barbuda","ATG","Proportion of seats held by women in national parliaments (%)","SG.GEN.PARL.ZS","","","","","","","","","","","","","","","","","","","","","","","","","","","","","","","0","","","","","","","5.3","5.3","","5.3","5.3","5.3","5.3","10.5","10.5","10.5","10.5","10.5","10.5","10.5","10.5","10.5","10.5","11.1","11.1","11.1",
"Australia","AUS","Proportion of seats held by women in national parliaments (%)","SG.GEN.PARL.ZS","","","","","","","","","","","","","","","","","","","","","","","","","","","","","","","6.1","","","","","","","15.5","15.5","22.4","23","","25.3","25.3","24.7","24.7","24.7","26.7","26.7","27.3","24.7","24.7","24.7","26","26","26.7","26.7",
"Austria","AUT","Proportion of seats held by women in national parliaments (%)","SG.GEN.PARL.ZS","","","","","","","","","","","","","","","","","","","","","","","","","","","","","","","11.5","","","","","","","26.2","26.2","","26.8","26.8","","33.9","33.9","33.9","32.2","32.8","27.3","27.9","27.9","27.9","27.9","33.3","32.2","30.6","30.6",
"Azerbaijan","AZE","Proportion of seats held by women in national parliaments (%)","SG.GEN.PARL.ZS","","","","","","","","","","","","","","","","","","","","","","","","","","","","","","","","","","","","","","12","12","12","","10.5","10.5","10.5","10.5","13","11.3","11.4","11.4","11.4","16","16","16","16","15.6","16.9","16.9",
"Burundi","BDI","Proportion of seats held by women in national parliaments (%)","SG.GEN.PARL.ZS","","","","","","","","","","","","","","","","","","","","","","","","","","","","","","","","","","","","","","","11.9","6","14.4","14.4","18.4","18.4","18.4","30.5","30.5","30.5","30.5","31.4","32.1","30.5","30.5","30.5","30.5","36.4","36.4",
"Belgium","BEL","Proportion of seats held by women in national parliaments (%)","SG.GEN.PARL.ZS","","","","","","","","","","","","","","","","","","","","","","","","","","","","","","","8.5","","","","","","","12.7","12.7","23.3","23.3","23.3","23.3","35.3","34.7","34.7","34.7","35.3","35.3","38","39.3","38","38","38","39.3","39.3","39.3",
"Benin","BEN","Proportion of seats held by women in national parliaments (%)","SG.GEN.PARL.ZS","","","","","","","","","","","","","","","","","","","","","","","","","","","","","","","2.9","","","","","","","7.2","7.2","6","6","6","6","6","7.2","7.2","7.2","10.8","10.8","10.8","10.8","8.4","8.4","8.4","8.4","7.2","7.2",
"Burkina Faso","BFA","Proportion of seats held by women in national parliaments (%)","SG.GEN.PARL.ZS","","","","","","","","","","","","","","","","","","","","","","","","","","","","","","","","","","","","","","9","8.1","8.1","8.1","8.1","11.7","11.7","11.7","11.7","11.7","15.3","15.3","15.3","15.3","15.3","15.7","15.7","18.9","9.4","9.4",
"Bangladesh","BGD","Proportion of seats held by women in national parliaments (%)","SG.GEN.PARL.ZS","","","","","","","","","","","","","","","","","","","","","","","","","","","","","","","10.3","","","","","","","9.1","9.1","9.1","9.1","","2","2","2","14.8","15.1","","6.3","18.6","18.6","19.7","19.7","19.7","19.8","20","20",
"Bulgaria","BGR","Proportion of seats held by women in national parliaments (%)","SG.GEN.PARL.ZS","","","","","","","","","","","","","","","","","","","","","","","","","","","","","","","21","","","","","","","10.8","10.8","10.8","10.8","26.2","26.2","26.2","26.3","22.1","22.1","21.7","21.7","20.8","20.8","20.8","22.9","24.6","20","20.4","20.4",
"Bahrain","BHR","Proportion of seats held by women in national parliaments (%)","SG.GEN.PARL.ZS","","","","","","","","","","","","","","","","","","","","","","","","","","","","","","","","","","","","","","","","","","","","0","0","0","2.5","2.5","2.5","2.5","2.5","10","10","10","7.5","7.5","7.5",
"Bahamas, The","BHS","Proportion of seats held by women in national parliaments (%)","SG.GEN.PARL.ZS","","","","","","","","","","","","","","","","","","","","","","","","","","","","","","","4.1","","","","","","","15","15","15","15","15","","20","20","20","20","12.2","12.2","12.2","12.2","12.2","13.2","13.2","13.2","13.2","13.2",
"Bosnia and Herzegovina","BIH","Proportion of seats held by women in national parliaments (%)","SG.GEN.PARL.ZS","","","","","","","","","","","","","","","","","","","","","","","","","","","","","","","","","","","","","","","","","","7.1","","16.7","16.7","16.7","14.3","11.9","11.9","19","16.7","21.4","21.4","21.4","21.4","21.4","21.4",
"Belarus","BLR","Proportion of seats held by women in national parliaments (%)","SG.GEN.PARL.ZS","","","","","","","","","","","","","","","","","","","","","","","","","","","","","","","","","","","","","","","","","","10.3","10.3","10.3","29.4","29.1","29.1","29.1","31.8","31.8","31.8","31.8","26.6","26.6","26.6","27.3","27.3",
"Belize","BLZ","Proportion of seats held by women in national parliaments (%)","SG.GEN.PARL.ZS","","","","","","","","","","","","","","","","","","","","","","","","","","","","","","","0","","","","","","","3.4","3.4","6.9","6.9","6.9","6.9","3.3","6.7","6.7","6.7","3.3","0","0","0","0","3.1","3.1","3.1","3.1","3.1",
"Bermuda","BMU","Proportion of seats held by women in national parliaments (%)","SG.GEN.PARL.ZS","","","","","","","","","","","","","","","","","","","","","","","","","","","","","","","","","","","","","","","","","","","","","","","","","","","","","","","","","",
"Bolivia","BOL","Proportion of seats held by women in national parliaments (%)","SG.GEN.PARL.ZS","","","","","","","","","","","","","","","","","","","","","","","","","","","","","","","9.2","","","","","","","","","11.5","11.5","11.5","18.5","18.5","19.2","16.9","16.9","16.9","16.9","22.3","25.4","25.4","25.4","25.4","53.1","53.1","53.1",
"Brazil","BRA","Proportion of seats held by women in national parliaments (%)","SG.GEN.PARL.ZS","","","","","","","","","","","","","","","","","","","","","","","","","","","","","","","5.3","","","","","","","6.6","6.6","5.7","5.7","6.8","6.2","8.6","8.6","8.6","8.8","9","9","8.8","8.6","8.6","8.6","8.6","9.9","9.9","9.9",
"Barbados","BRB","Proportion of seats held by women in national parliaments (%)","SG.GEN.PARL.ZS","","","","","","","","","","","","","","","","","","","","","","","","","","","","","","","3.7","","","","","","","10.7","10.7","10.7","10.7","10.7","10.7","13.3","13.3","13.3","13.3","13.3","10","10","10","10","10","16.7","16.7","16.7","16.7",
"Brunei Darussalam","BRN","Proportion of seats held by women in national parliaments (%)","SG.GEN.PARL.ZS","","","","","","","","","","","","","","","","","","","","","","","","","","","","","","","","","","","","","","","","","","","","","","","","","","","","","","","","","",
"Bhutan","BTN","Proportion of seats held by women in national parliaments (%)","SG.GEN.PARL.ZS","","","","","","","","","","","","","","","","","","","","","","","","","","","","","","","2","","","","","","","2","2","2","9.3","9.3","9.3","9.3","9.2","9.3","2.7","2.7","8.5","8.5","8.5","8.5","8.5","6.4","8.5","8.5","8.5",
"Botswana","BWA","Proportion of seats held by women in national parliaments (%)","SG.GEN.PARL.ZS","","","","","","","","","","","","","","","","","","","","","","","","","","","","","","","5","","","","","","","8.5","8.5","","17","17","17","17","11.1","11.1","11.1","11.1","11.1","7.9","7.9","7.9","7.9","7.9","9.5","9.5","9.5",
"Central African Republic","CAF","Proportion of seats held by women in national parliaments (%)","SG.GEN.PARL.ZS","","","","","","","","","","","","","","","","","","","","","","","","","","","","","","","3.8","","","","","","","3.5","3.5","7.3","7.3","7.3","7.3","","","10.5","10.5","10.5","10.5","9.6","9.6","12.5","12.5","","","","",
"Canada","CAN","Proportion of seats held by women in national parliaments (%)","SG.GEN.PARL.ZS","","","","","","","","","","","","","","","","","","","","","","","","","","","","","","","13.3","","","","","","","20.6","20.6","20.6","","20.6","20.6","20.6","21.1","21.1","20.8","21.3","22.1","22.1","22.1","24.8","24.7","24.7","25.1","26","26",
"Central Europe and the Baltics","CEB","Proportion of seats held by women in national parliaments (%)","SG.GEN.PARL.ZS","","","","","","","","","","","","","","","","","","","","","","","","","","","","","","","21.853746130031","","","","","","","11.4760068551842","10.963324764353","11.4761353898886","12.9412649040954","15.5504230118443","16.1019458544839","16.2407139629462","17.1393024245002","16.7237872340426","17.0997873245427","16.8314759676733","16.8061146496815","17.0580042462845","17.0253078556263","18.4212430821626","19.2579250720461","19.2011929247223","19.6976318141198","20.1164426523297","20.1164426523297",
"Switzerland","CHE","Proportion of seats held by women in national parliaments (%)","SG.GEN.PARL.ZS","","","","","","","","","","","","","","","","","","","","","","","","","","","","","","","14","","","","","","","21","21","22.5","23","23","23","25","25","25","25","28.5","28.5","29","29","28.5","29","29","31","32","32",
"Channel Islands","CHI","Proportion of seats held by women in national parliaments (%)","SG.GEN.PARL.ZS","","","","","","","","","","","","","","","","","","","","","","","","","","","","","","","","","","","","","","","","","","","","","","","","","","","","","","","","","",
"Chile","CHL","Proportion of seats held by women in national parliaments (%)","SG.GEN.PARL.ZS","","","","","","","","","","","","","","","","","","","","","","","","","","","","","","","","","","","","","","7.5","10.8","10.8","10.8","10.8","12.5","12.5","12.5","15","15","15","15","14.2","14.2","14.2","14.2","14.2","15.8","15.8","15.8",
"China","CHN","Proportion of seats held by women in national parliaments (%)","SG.GEN.PARL.ZS","","","","","","","","","","","","","","","","","","","","","","","","","","","","","","","21.3","","","","","","","","21.8","21.8","21.8","21.8","21.8","20.2","20.2","20.3","20.3","20.6","21.3","21.3","21.3","21.3","21.3","23.4","23.4","23.6","23.6",
"Cote d'Ivoire","CIV","Proportion of seats held by women in national parliaments (%)","SG.GEN.PARL.ZS","","","","","","","","","","","","","","","","","","","","","","","","","","","","","","","5.7","","","","","","","8","8","8","","8.5","8.5","8.5","8.5","8.5","8.5","8.9","8.9","8.9","8.9","11","10.4","10.4","9.4","9.2","9.2",
"Cameroon","CMR","Proportion of seats held by women in national parliaments (%)","SG.GEN.PARL.ZS","","","","","","","","","","","","","","","","","","","","","","","","","","","","","","","14.4","","","","","","","5.6","5.6","5.6","5.6","5.6","8.9","8.9","8.9","8.9","8.9","13.9","13.9","13.9","13.9","13.9","13.9","31.1","31.1","31.1","31.1",
"Congo, Rep.","COG","Proportion of seats held by women in national parliaments (%)","SG.GEN.PARL.ZS","","","","","","","","","","","","","","","","","","","","","","","","","","","","","","","14.3","","","","","","","","12","12","12","12","","8.5","8.5","8.5","8.5","7.3","7.3","7.3","7.3","7.3","7.4","7.4","7.4","7.4","7.4",
"Colombia","COL","Proportion of seats held by women in national parliaments (%)","SG.GEN.PARL.ZS","","","","","","","","","","","","","","","","","","","","","","","","","","","","","","","4.5","","","","","","","11.7","","11.8","11.8","11.8","12","12","12","12.1","8.4","8.4","8.4","8.4","12.7","12.1","12.1","12.1","19.9","19.9","19.9",
"Comoros","COM","Proportion of seats held by women in national parliaments (%)","SG.GEN.PARL.ZS","","","","","","","","","","","","","","","","","","","","","","","","","","","","","","","0","","","","","","","0","0","","","","","","3","3","3","3","3","0","3","3","3","3","3","3","3",
"Cabo Verde","CPV","Proportion of seats held by women in national parliaments (%)","SG.GEN.PARL.ZS","","","","","","","","","","","","","","","","","","","","","","","","","","","","","","","12","","","","","","","11.1","11.1","11.1","11.1","11.1","11.1","11.1","11.1","11.1","15.3","18.1","18.1","18.1","18.1","20.8","20.8","20.8","20.8","20.8","20.8",
"Costa Rica","CRI","Proportion of seats held by women in national parliaments (%)","SG.GEN.PARL.ZS","","","","","","","","","","","","","","","","","","","","","","","","","","","","","","","10.5","","","","","","","15.8","19.3","19.3","19.3","19.3","35.1","35.1","35.1","35.1","38.6","36.8","36.8","36.8","38.6","38.6","38.6","38.6","33.3","33.3","33.3",
"Caribbean small states","CSS","Proportion of seats held by women in national parliaments (%)","SG.GEN.PARL.ZS","","","","","","","","","","","","","","","","","","","","","","","","","","","","","","","11.0007177033493","","","","","","","11.5746556473829","12.0307917888563","12.9149367088608","13.2306451612903","14.5812820512821","","15.9295612009238","17.8300925925926","17.8310185185185","17.2464367816092","18.0911764705882","17.4860986547085","17.3731376975169","15.2439461883408","15.8497767857143","16.1826966292135","17.0811235955056","17.158690744921","19.7336322869955","19.7336322869955",
"Cuba","CUB","Proportion of seats held by women in national parliaments (%)","SG.GEN.PARL.ZS","","","","","","","","","","","","","","","","","","","","","","","","","","","","","","","33.9","","","","","","","22.8","27.6","27.6","27.6","27.6","27.6","36","36","36","36","36","43.2","43.2","43.2","45.2","45.2","48.9","48.9","48.9","48.9",
"Curacao","CUW","Proportion of seats held by women in national parliaments (%)","SG.GEN.PARL.ZS","","","","","","","","","","","","","","","","","","","","","","","","","","","","","","","","","","","","","","","","","","","","","","","","","","","","","","","","","",
"Cayman Islands","CYM","Proportion of seats held by women in national parliaments (%)","SG.GEN.PARL.ZS","","","","","","","","","","","","","","","","","","","","","","","","","","","","","","","","","","","","","","","","","","","","","","","","","","","","","","","","","",
"Cyprus","CYP","Proportion of seats held by women in national parliaments (%)","SG.GEN.PARL.ZS","","","","","","","","","","","","","","","","","","","","","","","","","","","","","","","1.8","","","","","","","5.4","5.4","5.4","7.1","10.7","10.7","10.7","16.1","16.1","14.3","14.3","14.3","12.5","12.5","10.7","10.7","10.7","12.5","12.5","12.5",
"Czech Republic","CZE","Proportion of seats held by women in national parliaments (%)","SG.GEN.PARL.ZS","","","","","","","","","","","","","","","","","","","","","","","","","","","","","","","","","","","","","","15","15","15","15","15","17","17","17","17","15.5","15.5","15.5","15.5","22","22","22","19.5","19.5","20","20",
"Germany","DEU","Proportion of seats held by women in national parliaments (%)","SG.GEN.PARL.ZS","","","","","","","","","","","","","","","","","","","","","","","","","","","","","","","","","","","","","","26.2","26.2","30.9","30.9","31.1","32.2","32.2","32.8","31.8","31.6","31.6","32.2","32.8","32.8","32.9","32.9","36.5","36.5","36.5","36.5",
"Djibouti","DJI","Proportion of seats held by women in national parliaments (%)","SG.GEN.PARL.ZS","","","","","","","","","","","","","","","","","","","","","","","","","","","","","","","0","","","","","","","","0","0","0","0","0","10.8","10.8","10.8","10.8","13.8","13.8","13.8","13.8","13.8","13.8","12.7","12.7","12.7","12.7",
"Dominica","DMA","Proportion of seats held by women in national parliaments (%)","SG.GEN.PARL.ZS","","","","","","","","","","","","","","","","","","","","","","","","","","","","","","","10","","","","","","","9.4","9.4","9.4","","18.8","18.8","18.8","19.4","12.9","12.9","16.1","18.8","14.3","12.5","12.5","12.5","12.5","12.9","21.9","21.9",
"Denmark","DNK","Proportion of seats held by women in national parliaments (%)","SG.GEN.PARL.ZS","","","","","","","","","","","","","","","","","","","","","","","","","","","","","","","30.7","","","","","","","33","37.4","37.4","37.4","","38","38","38","36.9","36.9","38","38","38","38","39.1","39.1","39.1","39.1","37.4","37.4",
"Dominican Republic","DOM","Proportion of seats held by women in national parliaments (%)","SG.GEN.PARL.ZS","","","","","","","","","","","","","","","","","","","","","","","","","","","","","","","7.5","","","","","","","11.7","16.1","16.1","16.1","16.1","17.3","17.3","17.3","17.3","19.7","19.7","19.7","19.7","20.8","20.8","20.8","20.8","20.8","20.8","20.8",
"Algeria","DZA","Proportion of seats held by women in national parliaments (%)","SG.GEN.PARL.ZS","","","","","","","","","","","","","","","","","","","","","","","","","","","","","","","2.4","","","","","","","3.2","3.2","3.2","3.4","3.4","6.2","6.2","6.2","6.2","6.2","7.7","7.7","7.7","7.7","8","31.6","31.6","31.6","31.6","31.6",
"East Asia & Pacific (excluding high income)","EAP","Proportion of seats held by women in national parliaments (%)","SG.GEN.PARL.ZS","","","","","","","","","","","","","","","","","","","","","","","","","","","","","","","17.24796880078","","","","","","","","17.5375800361189","18.5322479764533","17.2883507853403","17.5812310151879","18.0650507328072","16.7943376441804","17.1348354352507","17.2706601466993","17.6312228828539","17.9731661734932","18.2417584121569","18.5010178901912","17.8817955112219","17.8733881436608","18.1885062419285","19.2656021767149","19.0145386904762","19.7031415996358","19.3920585161965",
"Early-demographic dividend","EAR","Proportion of seats held by women in national parliaments (%)","SG.GEN.PARL.ZS","","","","","","","","","","","","","","","","","","","","","","","","","","","","","","","6.86683457051962","","","","","","","8.33656767172977","8.84680401479134","8.8104863038494","9.67427338782924","9.50677322907084","11.0776988155668","11.2545153853864","12.1553501180173","12.8898489314665","13.4397657504487","14.7209145282655","15.5453244715222","16.9953154446738","17.4233588716699","17.565348567348","19.301409824437","20.3848682998711","21.0709551479935","22.1644491800241","21.8278264568269",
"East Asia & Pacific","EAS","Proportion of seats held by women in national parliaments (%)","SG.GEN.PARL.ZS","","","","","","","","","","","","","","","","","","","","","","","","","","","","","","","15.0835841313269","","","","","","","","16.0370385674931","16.8371843338878","16.3688070855245","16.5653851472825","17.1210088616224","16.0565725983331","16.6136891556832","16.9284972748508","17.3048942516269","17.7418435975208","17.9527850761955","18.3305479272917","17.7598120300752","17.6856630824373","17.851136782598","18.8202158979392","18.5913170237039","19.2783888458559","19.0091788669637",
"Europe & Central Asia (excluding high income)","ECA","Proportion of seats held by women in national parliaments (%)","SG.GEN.PARL.ZS","","","","","","","","","","","","","","","","","","","","","","","","","","","","","","","","","","","","","","6.37375036539024","6.8348099058249","","7.30740613158801","9.11325198637911","10.9963336019339","9.39040862656073","10.9219994013768","10.8332646452752","11.4956079271559","13.8867794817557","14.2176390030129","15.0033219087793","15.0780449555672","15.7939346405229","17.3679611650485","17.6040132924335","18.0295905227917","18.0215519463779","18.0215519463779",
"Europe & Central Asia","ECS","Proportion of seats held by women in national parliaments (%)","SG.GEN.PARL.ZS","","","","","","","","","","","","","","","","","","","","","","","","","","","","","","","16.5650847111655","","","","","","","14.5070676691729","15.1533610945866","16.0553118144782","16.5594094840441","16.5363996977711","18.3323662833632","17.7653736722307","18.8178713495682","19.1680923542771","19.5395054945055","21.0083492844773","21.3502629393855","21.8942851942852","21.9948031924542","22.7058802177858","23.7525524444044","24.6753349518928","25.3484317681585","25.7526788990826","25.7173577981651",
"Ecuador","ECU","Proportion of seats held by women in national parliaments (%)","SG.GEN.PARL.ZS","","","","","","","","","","","","","","","","","","","","","","","","","","","","","","","4.5","","","","","","","3.7","17.4","17.4","14.6","14.6","","16","16","16","25","25","25","32.3","32.3","32.3","32.3","38.7","41.6","41.6","41.6",
"Egypt, Arab Rep.","EGY","Proportion of seats held by women in national parliaments (%)","SG.GEN.PARL.ZS","","","","","","","","","","","","","","","","","","","","","","","","","","","","","","","3.9","","","","","","","2","2","2","2","2.4","2.4","2.4","2.9","2","2","1.8","1.8","1.8","12.7","2","2","","","","14.9",
"Euro area","EMU","Proportion of seats held by women in national parliaments (%)","SG.GEN.PARL.ZS","","","","","","","","","","","","","","","","","","","","","","","","","","","","","","","11.5277864502029","","","","","","","16.8594415197986","17.0208056763561","18.2708542713568","19.3204301075269","19.1232302405498","19.0744598203447","20.6983904828551","21.7106075453209","22.168040037244","23.0403712296984","24.6502087198516","24.9668829663963","25.4669981498612","25.3270814061055","26.0536664353458","27.4312427678778","29.7672433679354","30.117628057222","30.2158477508651","30.1270357554787",
"Eritrea","ERI","Proportion of seats held by women in national parliaments (%)","SG.GEN.PARL.ZS","","","","","","","","","","","","","","","","","","","","","","","","","","","","","","","","","","","","","","21","21","14.7","14.7","14.7","22","22","22","22","22","22","22","22","22","22","22","22","22","22","22",
"Spain","ESP","Proportion of seats held by women in national parliaments (%)","SG.GEN.PARL.ZS","","","","","","","","","","","","","","","","","","","","","","","","","","","","","","","14.6","","","","","","","24.7","24.7","21.6","28.3","28.3","28.3","28.3","36","36","36","36.6","36.3","36.6","36.6","36","36","36","39.7","41.1","40",
"Estonia","EST","Proportion of seats held by women in national parliaments (%)","SG.GEN.PARL.ZS","","","","","","","","","","","","","","","","","","","","","","","","","","","","","","","","","","","","","","10.9","10.9","17.8","17.8","17.8","17.8","18.8","18.8","18.8","18.8","20.8","20.8","22.8","22.8","19.8","20.8","20.8","19","23.8","23.8",
"Ethiopia","ETH","Proportion of seats held by women in national parliaments (%)","SG.GEN.PARL.ZS","","","","","","","","","","","","","","","","","","","","","","","","","","","","","","","","","","","","","","2","2","2","7.7","7.7","7.7","7.7","7.7","21.4","21.9","21.9","21.9","21.9","27.8","27.8","27.8","27.8","27.8","38.8","38.8",
"European Union","EUU","Proportion of seats held by women in national parliaments (%)","SG.GEN.PARL.ZS","","","","","","","","","","","","","","","","","","","","","","","","","","","","","","","15.8787858572382","","","","","","","17.114182166302","17.1546635667396","18.0229429935411","19.4503911909591","19.390929419986","20.055079006772","21.0550457424349","21.7040352372833","21.9635258358663","22.6045774162416","23.4831150930393","23.7433213990636","24.0258011277678","24.1689347079038","24.8630709961475","25.7243875884594","27.0906547133931","27.7298367973218","28.3813206756945","28.3275722462655",
"Fragile and conflict affected situations","FCS","Proportion of seats held by women in national parliaments (%)","SG.GEN.PARL.ZS","","","","","","","","","","","","","","","","","","","","","","","","","","","","","","","","","","","","","","","","","","","","","","10.3428915179467","11.7118497690299","11.8026530612245","11.7590725806452","11.5125414472401","11.8953136011276","13.2738870687994","14.2335130434783","15.1072430726061","15.1587764020393","16.4928950741622","16.1192708333333",
"Finland","FIN","Proportion of seats held by women in national parliaments (%)","SG.GEN.PARL.ZS","","","","","","","","","","","","","","","","","","","","","","","","","","","","","","","31.5","","","","","","","33.5","33.5","37","36.5","36.5","36.5","37.5","37.5","37.5","38","41.5","41.5","40","40","42.5","42.5","42.5","42.5","41.5","41.5",
"Fiji","FJI","Proportion of seats held by women in national parliaments (%)","SG.GEN.PARL.ZS","","","","","","","","","","","","","","","","","","","","","","","","","","","","","","","","","","","","","","4.3","4.3","11.3","","5.7","5.7","5.7","8.5","8.5","","","","","","","","","14","16","16",
"France","FRA","Proportion of seats held by women in national parliaments (%)","SG.GEN.PARL.ZS","","","","","","","","","","","","","","","","","","","","","","","","","","","","","","","6.9","","","","","","","10.9","10.9","10.9","10.9","10.9","12.1","12.2","12.2","12.2","12.2","18.2","18.2","18.9","18.9","18.9","26.9","26.9","26.2","26.2","26.2",
"Faroe Islands","FRO","Proportion of seats held by women in national parliaments (%)","SG.GEN.PARL.ZS","","","","","","","","","","","","","","","","","","","","","","","","","","","","","","","","","","","","","","","","","","","","","","","","","","","","","","","","","",
"Micronesia, Fed. Sts.","FSM","Proportion of seats held by women in national parliaments (%)","SG.GEN.PARL.ZS","","","","","","","","","","","","","","","","","","","","","","","","","","","","","","","","","","","","","","0","0","0","0","0","0","0","0","0","0","0","0","0","0","0","0","0","0","0","0",
"Gabon","GAB","Proportion of seats held by women in national parliaments (%)","SG.GEN.PARL.ZS","","","","","","","","","","","","","","","","","","","","","","","","","","","","","","","13.3","","","","","","","8.3","8.3","8.3","9.2","9.2","9.2","9.2","9.2","9.2","12.5","16.7","16.7","14.7","14.7","14.2","15.8","15.8","15","14.2","14.2",
"United Kingdom","GBR","Proportion of seats held by women in national parliaments (%)","SG.GEN.PARL.ZS","","","","","","","","","","","","","","","","","","","","","","","","","","","","","","","6.3","","","","","","","18.2","18.2","18.4","18.4","17.9","17.9","17.9","18.1","19.7","19.7","19.5","19.5","19.5","22","22.3","22.5","22.5","22.6","29.4","29.4",
"Georgia","GEO","Proportion of seats held by women in national parliaments (%)","SG.GEN.PARL.ZS","","","","","","","","","","","","","","","","","","","","","","","","","","","","","","","","","","","","","","6.9","6.9","","7.2","7.2","7.2","7.2","9.4","9.4","9.4","9.4","6","5.1","6.5","6.6","12","12","12","11.3","11.3",
"Ghana","GHA","Proportion of seats held by women in national parliaments (%)","SG.GEN.PARL.ZS","","","","","","","","","","","","","","","","","","","","","","","","","","","","","","","","","","","","","","9","9","9","","9","9","9","10.9","10.9","10.9","10.9","7.9","8.3","8.3","8.3","","10.9","10.9","10.9","10.9",
"Gibraltar","GIB","Proportion of seats held by women in national parliaments (%)","SG.GEN.PARL.ZS","","","","","","","","","","","","","","","","","","","","","","","","","","","","","","","","","","","","","","","","","","","","","","","","","","","","","","","","","",
"Guinea","GIN","Proportion of seats held by women in national parliaments (%)","SG.GEN.PARL.ZS","","","","","","","","","","","","","","","","","","","","","","","","","","","","","","","","","","","","","","7","8.8","8.8","8.8","8.8","","19.3","19.3","19.3","19.3","19.3","","","","","","","21.9","21.9","21.9",
"Gambia, The","GMB","Proportion of seats held by women in national parliaments (%)","SG.GEN.PARL.ZS","","","","","","","","","","","","","","","","","","","","","","","","","","","","","","","7.8","","","","","","","2","2","2","2","2","5.7","13.2","13.2","13.2","13.2","9.4","9.4","7.5","7.5","7.5","7.5","7.5","9.4","9.4","9.4",
"Guinea-Bissau","GNB","Proportion of seats held by women in national parliaments (%)","SG.GEN.PARL.ZS","","","","","","","","","","","","","","","","","","","","","","","","","","","","","","","20","","","","","","","10","10","","7.8","7.8","7.8","","14","14","14","14","10","10","10","10","14","14","13.7","13.7","13.7",
"Equatorial Guinea","GNQ","Proportion of seats held by women in national parliaments (%)","SG.GEN.PARL.ZS","","","","","","","","","","","","","","","","","","","","","","","","","","","","","","","13.3","","","","","","","8.8","8.8","5","5","5","5","5","18","18","18","18","6","10","10","10","10","12.1","24","24","24",
"Greece","GRC","Proportion of seats held by women in national parliaments (%)","SG.GEN.PARL.ZS","","","","","","","","","","","","","","","","","","","","","","","","","","","","","","","6.7","","","","","","","6.3","6.3","6.3","8.7","8.7","8.7","8.7","14","13","13","14.7","14.7","17.3","17.3","18.7","21","21","21","19.7","19.7",
"Grenada","GRD","Proportion of seats held by women in national parliaments (%)","SG.GEN.PARL.ZS","","","","","","","","","","","","","","","","","","","","","","","","","","","","","","","","","","","","","","20","20","","26.7","26.7","26.7","26.7","26.7","26.7","26.7","26.7","13.3","13.3","13.3","13.3","13.3","33.3","33.3","33.3","33.3",
"Greenland","GRL","Proportion of seats held by women in national parliaments (%)","SG.GEN.PARL.ZS","","","","","","","","","","","","","","","","","","","","","","","","","","","","","","","","","","","","","","","","","","","","","","","","","","","","","","","","","",
"Guatemala","GTM","Proportion of seats held by women in national parliaments (%)","SG.GEN.PARL.ZS","","","","","","","","","","","","","","","","","","","","","","","","","","","","","","","7","","","","","","","12.5","12.5","7.1","8.8","8.8","8.8","8.2","8.2","8.2","8.2","12","12","12","12","13.3","13.3","13.3","13.3","13.9","13.9",
"Guam","GUM","Proportion of seats held by women in national parliaments (%)","SG.GEN.PARL.ZS","","","","","","","","","","","","","","","","","","","","","","","","","","","","","","","","","","","","","","","","","","","","","","","","","","","","","","","","","",
"Guyana","GUY","Proportion of seats held by women in national parliaments (%)","SG.GEN.PARL.ZS","","","","","","","","","","","","","","","","","","","","","","","","","","","","","","","36.9","","","","","","","","","18.5","18.5","18.3","20","20","30.8","30.8","29","29","30","30","30","31.3","31.3","31.3","31.3","30.4","30.4",
"High income","HIC","Proportion of seats held by women in national parliaments (%)","SG.GEN.PARL.ZS","","","","","","","","","","","","","","","","","","","","","","","","","","","","","","","12.2416790490342","","","","","","","16.2293913043478","16.3198386767409","17.3032160699417","","18.2048112509252","18.8839578947368","19.4068237958007","19.8792670477746","20.4346590909091","20.9548990351139","21.8448210922787","22.0112816957211","22.6060273159145","22.7003660104857","23.2983457157008","23.8560934560935","25.1930117623802","25.8473970395731","26.4954070351759","26.4496532314806",
"Hong Kong SAR, China","HKG","Proportion of seats held by women in national parliaments (%)","SG.GEN.PARL.ZS","","","","","","","","","","","","","","","","","","","","","","","","","","","","","","","","","","","","","","","","","","","","","","","","","","","","","","","","","",
"Honduras","HND","Proportion of seats held by women in national parliaments (%)","SG.GEN.PARL.ZS","","","","","","","","","","","","","","","","","","","","","","","","","","","","","","","10.2","","","","","","","","9.4","9.4","9.4","9.4","5.5","5.5","5.5","23.4","23.4","23.4","23.4","18","18","19.5","19.5","19.5","25.8","25.8","25.8",
"Heavily indebted poor countries (HIPC)","HPC","Proportion of seats held by women in national parliaments (%)","SG.GEN.PARL.ZS","","","","","","","","","","","","","","","","","","","","","","","","","","","","","","","","","","","","","","8.93826681870011","9.34073590246027","9.11633782483157","","11.9151053159478","13.5170812238609","13.5259223488507","14.0612952575217","16.8961817900757","17.1080929243851","17.6377903422983","17.5948358998289","17.7197632058288","18.3232624113475","20.3621315544524","21.4993286542569","21.7969413511507","22.0848109113453","23.8529498525074","23.8769230769231",
"Croatia","HRV","Proportion of seats held by women in national parliaments (%)","SG.GEN.PARL.ZS","","","","","","","","","","","","","","","","","","","","","","","","","","","","","","","","","","","","","","7.9","7.9","7.9","20.5","20.5","20.5","","21.7","21.7","21.7","20.9","20.9","23.5","23.5","23.8","23.8","23.8","23.8","15.2","15.2",
"Haiti","HTI","Proportion of seats held by women in national parliaments (%)","SG.GEN.PARL.ZS","","","","","","","","","","","","","","","","","","","","","","","","","","","","","","","","","","","","","","3.6","3.6","3.6","","3.6","3.6","3.6","3.6","3.6","2","4.1","4.1","4.1","11.1","4.2","4.2","4.2","4.2","4.2","0",
"Hungary","HUN","Proportion of seats held by women in national parliaments (%)","SG.GEN.PARL.ZS","","","","","","","","","","","","","","","","","","","","","","","","","","","","","","","20.7","","","","","","","11.4","8.3","8.3","8.3","8.3","9.1","9.8","9.1","9.1","10.4","11.1","11.1","11.1","9.1","8.8","8.8","8.8","10.1","10.1","10.1",
"IBRD only","IBD","Proportion of seats held by women in national parliaments (%)","SG.GEN.PARL.ZS","","","","","","","","","","","","","","","","","","","","","","","","","","","","","","","13.1153723191688","","","","","","","","12.2787939988459","12.2678062015504","12.2879179055769","12.655982324949","14.0198095376563","13.5516901601204","14.5269934162399","14.1097666709167","14.8668152866242","15.6948592564729","16.1652763755679","17.1066600211825","17.4748038791772","17.8378207559095","19.1614414637162","20.0479146459748","20.7521503974977","21.011120632828","20.9934165366615",
"IDA & IBRD total","IBT","Proportion of seats held by women in national parliaments (%)","SG.GEN.PARL.ZS","","","","","","","","","","","","","","","","","","","","","","","","","","","","","","","12.1367088607595","","","","","","","8.70656423121146","10.9398752485988","11.0241880803813","11.4352677529296","11.9849991286162","13.2141865878772","13.0366070689512","13.8300583310186","14.5094700686948","15.008943394809","15.9135336366713","16.5007172054998","17.2467370266224","17.4152623959464","18.1869782671272","19.2863074204947","20.06547043444","20.4176363702438","21.1147879666546","21.0380030797228",
"IDA total","IDA","Proportion of seats held by women in national parliaments (%)","SG.GEN.PARL.ZS","","","","","","","","","","","","","","","","","","","","","","","","","","","","","","","","","","","","","","8.67611256544503","8.69256658595641","","","","11.9228618037753","12.2482299958106","12.7989866194412","15.0895725388601","15.2132289664012","16.2412986280774","16.981287289821","17.4451464878221","17.3310112752382","18.6484962406015","19.452953308035","20.0872671804753","19.99585900912","21.2414090177134","21.0949398358435",
"IDA blend","IDB","Proportion of seats held by women in national parliaments (%)","SG.GEN.PARL.ZS","","","","","","","","","","","","","","","","","","","","","","","","","","","","","","","","","","","","","","11.1003649635036","11.5052462526767","","","","14.1768480909829","13.9922774401144","14.7831393165603","15.3473348348348","15.3843843843844","15.6763237518911","15.6956989247312","16.2032894736842","16.0403579254931","16.1252827435243","16.6065866084425","19.1080071813285","20.314917325665","19.9999286224126","20.0721984296931",
"Indonesia","IDN","Proportion of seats held by women in national parliaments (%)","SG.GEN.PARL.ZS","","","","","","","","","","","","","","","","","","","","","","","","","","","","","","","12.4","","","","","","","11.4","11.4","","8","8","8","8","11.3","11.3","11.3","11.6","11.6","17.9","18","18.2","18.6","18.6","16.9","17.1","17.1",
"IDA only","IDX","Proportion of seats held by women in national parliaments (%)","SG.GEN.PARL.ZS","","","","","","","","","","","","","","","","","","","","","","","","","","","","","","","","","","","","","","7.86350926249563","7.87058823529412","7.69160646714826","9.35903764204545","","11.0161111111111","11.5256554584506","12.0945740567924","15.0052554027505","15.158021552246","16.4280695173793","17.3957800358637","17.8404141461145","17.7370561875215","19.3978870950265","20.2873693193941","20.3692689484024","19.9013206944297","21.6030879600749","21.3889504462912",
"Isle of Man","IMN","Proportion of seats held by women in national parliaments (%)","SG.GEN.PARL.ZS","","","","","","","","","","","","","","","","","","","","","","","","","","","","","","","","","","","","","","","","","","","","","","","","","","","","","","","","","",
"India","IND","Proportion of seats held by women in national parliaments (%)","SG.GEN.PARL.ZS","","","","","","","","","","","","","","","","","","","","","","","","","","","","","","","5","","","","","","","7.2","8.1","8.4","9","8.8","8.8","8.8","8.3","8.3","8.3","9.1","9.1","10.8","10.8","11","11","11","11.4","12","12",
"Not classified","INX","Proportion of seats held by women in national parliaments (%)","SG.GEN.PARL.ZS","","","","","","","","","","","","","","","","","","","","","","","","","","","","","","","","","","","","","","","","","","","","","","","","","","","","","","","","","",
"Ireland","IRL","Proportion of seats held by women in national parliaments (%)","SG.GEN.PARL.ZS","","","","","","","","","","","","","","","","","","","","","","","","","","","","","","","7.8","","","","","","","12","12","12","12","12","13.3","13.3","13.3","13.3","13.3","13.3","13.3","13.9","13.9","15.1","15.1","15.7","15.7","16.3","16.3",
"Iran, Islamic Rep.","IRN","Proportion of seats held by women in national parliaments (%)","SG.GEN.PARL.ZS","","","","","","","","","","","","","","","","","","","","","","","","","","","","","","","1.5","","","","","","","4.9","4.9","4.9","3.4","3.4","4.1","4.1","4.1","4.1","4.1","4.1","2.8","2.8","2.8","2.8","3.1","3.1","3.1","3.1","3.1",
"Iraq","IRQ","Proportion of seats held by women in national parliaments (%)","SG.GEN.PARL.ZS","","","","","","","","","","","","","","","","","","","","","","","","","","","","","","","10.8","","","","","","","6.4","6.4","6.4","7.6","7.6","7.6","","","","25.5","25.5","25.5","25.5","25.2","25.2","25.2","25.2","25.3","26.5","26.5",
"Iceland","ISL","Proportion of seats held by women in national parliaments (%)","SG.GEN.PARL.ZS","","","","","","","","","","","","","","","","","","","","","","","","","","","","","","","20.6","","","","","","","25.4","25.4","34.9","34.9","34.9","34.9","30.2","30.2","33.3","33.3","33.3","33.3","42.9","42.9","39.7","39.7","39.7","39.7","41.3","41.3",
"Israel","ISR","Proportion of seats held by women in national parliaments (%)","SG.GEN.PARL.ZS","","","","","","","","","","","","","","","","","","","","","","","","","","","","","","","6.7","","","","","","","7.5","7.5","11.7","12.5","13.3","14.2","15","15","15","14.2","14.2","14.2","18.3","19.2","20","20","22.5","22.5","26.7","26.7",
"Italy","ITA","Proportion of seats held by women in national parliaments (%)","SG.GEN.PARL.ZS","","","","","","","","","","","","","","","","","","","","","","","","","","","","","","","12.9","","","","","","","11.1","11.1","11.1","11.1","9.8","9.8","11.5","11.5","11.5","17.3","17.3","21.3","21.3","21.3","21.6","21.4","31.4","31.4","31","31",
"Jamaica","JAM","Proportion of seats held by women in national parliaments (%)","SG.GEN.PARL.ZS","","","","","","","","","","","","","","","","","","","","","","","","","","","","","","","5","","","","","","","11.7","13.6","13.3","13.3","13.3","","11.7","11.7","11.7","11.7","13.3","13.3","13.3","13.3","12.7","12.7","12.7","12.7","12.7","12.7",
"Jordan","JOR","Proportion of seats held by women in national parliaments (%)","SG.GEN.PARL.ZS","","","","","","","","","","","","","","","","","","","","","","","","","","","","","","","0","","","","","","","0","0","0","0","1.3","1.3","5.5","5.5","5.5","5.5","6.4","6.4","6.4","10.8","10.8","10.8","12.2","12","12","12",
"Japan","JPN","Proportion of seats held by women in national parliaments (%)","SG.GEN.PARL.ZS","","","","","","","","","","","","","","","","","","","","","","","","","","","","","","","1.4","","","","","","","4.6","4.6","4.6","7.3","7.3","7.3","7.1","7.1","9","9.4","9.4","9.4","11.3","11.3","10.8","7.9","8.1","8.1","9.5","9.5",
"Kazakhstan","KAZ","Proportion of seats held by women in national parliaments (%)","SG.GEN.PARL.ZS","","","","","","","","","","","","","","","","","","","","","","","","","","","","","","","","","","","","","","13.4","13.4","10.8","10.4","10.4","10.4","10.4","10.4","10.4","10.4","15.9","15.9","17.8","17.8","17.8","24.3","24.3","25.2","26.2","26.2",
"Kenya","KEN","Proportion of seats held by women in national parliaments (%)","SG.GEN.PARL.ZS","","","","","","","","","","","","","","","","","","","","","","","","","","","","","","","1.1","","","","","","","3","3.6","3.6","3.6","3.6","3.6","7.1","7.1","7.1","7.3","7.2","9.8","9.8","9.8","9.8","9.8","18.6","19.1","19.7","19.7",
"Kyrgyz Republic","KGZ","Proportion of seats held by women in national parliaments (%)","SG.GEN.PARL.ZS","","","","","","","","","","","","","","","","","","","","","","","","","","","","","","","","","","","","","","1.4","1.4","1.4","2.3","10","10","10","10","0","0","25.6","25.6","25.6","23.3","23.3","23.3","23.3","23.3","19.2","19.2",
"Cambodia","KHM","Proportion of seats held by women in national parliaments (%)","SG.GEN.PARL.ZS","","","","","","","","","","","","","","","","","","","","","","","","","","","","","","","","","","","","","","5.8","5.8","8.2","7.4","7.4","7.4","9.8","9.8","9.8","9.8","19.5","16.3","21.1","21.1","20.3","20.3","20.3","20.3","20.3","20.3",
"Kiribati","KIR","Proportion of seats held by women in national parliaments (%)","SG.GEN.PARL.ZS","","","","","","","","","","","","","","","","","","","","","","","","","","","","","","","0","","","","","","","0","0","4.9","4.9","4.8","4.8","","4.8","4.8","7.1","4.3","4.3","4.3","4.3","8.7","8.7","8.7","8.7","8.7","6.5",
"St. Kitts and Nevis","KNA","Proportion of seats held by women in national parliaments (%)","SG.GEN.PARL.ZS","","","","","","","","","","","","","","","","","","","","","","","","","","","","","","","6.7","","","","","","","13.3","13.3","13.3","13.3","13.3","13.3","13.3","0","0","0","6.7","6.7","6.7","6.7","6.7","6.7","6.7","6.7","13.3","13.3",
"Korea, Rep.","KOR","Proportion of seats held by women in national parliaments (%)","SG.GEN.PARL.ZS","","","","","","","","","","","","","","","","","","","","","","","","","","","","","","","2","","","","","","","3","3.7","3.7","5.9","5.9","5.9","5.9","13","13.4","13.4","14.4","13.7","14.7","14.7","14.7","15.7","15.7","16.3","16.3","16.3",
"Kosovo","KSV","Proportion of seats held by women in national parliaments (%)","SG.GEN.PARL.ZS","","","","","","","","","","","","","","","","","","","","","","","","","","","","","","","","","","","","","","","","","","","","","","","","","","","","","","","","","",
"Kuwait","KWT","Proportion of seats held by women in national parliaments (%)","SG.GEN.PARL.ZS","","","","","","","","","","","","","","","","","","","","","","","","","","","","","","","","","","","","","","0","0","0","0","0","0","0","0","1.5","1.5","1.5","3.1","7.7","7.7","7.7","6.2","6.2","1.5","1.5","1.5",
"Latin America & Caribbean (excluding high income)","LAC","Proportion of seats held by women in national parliaments (%)","SG.GEN.PARL.ZS","","","","","","","","","","","","","","","","","","","","","","","","","","","","","","","12.2757012020607","","","","","","","13.5871123155676","15.9238357843137","14.5860614934114","15.5183904528764","14.6398498498499","16.3898362507058","18.9103567625133","19.5530319148936","20.8162901939941","20.9547244094488","21.7499343659753","22.9302776322682","23.4919123402035","23.7986698590051","23.8844461901021","25.4565854935847","25.8100527631214","28.5713579604579","28.9908384230983","29.2447900466563",
"Lao PDR","LAO","Proportion of seats held by women in national parliaments (%)","SG.GEN.PARL.ZS","","","","","","","","","","","","","","","","","","","","","","","","","","","","","","","6.3","","","","","","","","21.2","21.2","21.2","21.2","22.9","22.9","22.9","22.9","25.2","25.2","25.2","25.2","25.2","25","25","25","25","25","25",
"Lebanon","LBN","Proportion of seats held by women in national parliaments (%)","SG.GEN.PARL.ZS","","","","","","","","","","","","","","","","","","","","","","","","","","","","","","","0","","","","","","","2.3","2.3","2.3","2.3","2.3","2.3","2.3","2.3","4.7","4.7","4.7","4.7","3.1","3.1","3.1","3.1","3.1","3.1","3.1","3.1",
"Liberia","LBR","Proportion of seats held by women in national parliaments (%)","SG.GEN.PARL.ZS","","","","","","","","","","","","","","","","","","","","","","","","","","","","","","","","","","","","","","","","","7.8","7.8","7.8","7.8","5.3","12.5","12.5","12.5","12.5","12.5","12.5","9.6","11","11","11","11","11",
"Libya","LBY","Proportion of seats held by women in national parliaments (%)","SG.GEN.PARL.ZS","","","","","","","","","","","","","","","","","","","","","","","","","","","","","","","","","","","","","","","","","","","","","","4.7","7.7","7.7","7.7","7.7","7.7","","16.5","16.5","16","16","16",
"St. Lucia","LCA","Proportion of seats held by women in national parliaments (%)","SG.GEN.PARL.ZS","","","","","","","","","","","","","","","","","","","","","","","","","","","","","","","0","","","","","","","11.8","11.8","11.1","11.1","","11.1","11.1","11.1","11.1","0","11.1","11.1","11.1","11.1","16.7","16.7","16.7","16.7","16.7","16.7",
"Latin America & Caribbean","LCN","Proportion of seats held by women in national parliaments (%)","SG.GEN.PARL.ZS","","","","","","","","","","","","","","","","","","","","","","","","","","","","","","","11.9073320845598","","","","","","","13.1389613920609","15.3476111571389","14.3362643218758","15.1595987740318","14.3325196636832","16.0790101062451","18.450255164034","19.0129157562515","20.2153081028627","20.3485967857999","21.1167704839483","22.1718144872101","22.7116245831348","23.0228848484849","23.0389486260454","24.491487326638","24.8102169525732","27.5397527341893","27.9083501513623","28.2061848341232",
"Least developed countries: UN classification","LDC","Proportion of seats held by women in national parliaments (%)","SG.GEN.PARL.ZS","","","","","","","","","","","","","","","","","","","","","","","","","","","","","","","","","","","","","","8.44163306451613","8.59319591390004","8.18071210579858","9.83982111608011","","11.6344702050201","12.2925186188219","12.8360463366932","15.7243540406817","15.9448201244252","17.0219087719298","18.5995317099277","19.2834679520584","19.1444773811058","20.6973527625987","21.2661404526988","21.4936310223267","21.1370834346874","23.055634469697","22.7904395476274",
"Low income","LIC","Proportion of seats held by women in national parliaments (%)","SG.GEN.PARL.ZS","","","","","","","","","","","","","","","","","","","","","","","","","","","","","","","","","","","","","","11.3850611246944","11.6923790913532","11.0617616580311","12.5719178082192","13.6616887491579","15.0475179056557","14.4298043419995","15.4780526109148","17.8800740610122","17.9459307435402","18.6515889464594","20.1322446258957","19.6153846153846","19.666182186919","21.9404598060682","22.565553576729","23.454328358209","22.8539767368752","24.1921008911041","24.2156777108434",
"Liechtenstein","LIE","Proportion of seats held by women in national parliaments (%)","SG.GEN.PARL.ZS","","","","","","","","","","","","","","","","","","","","","","","","","","","","","","","4","","","","","","","4","4","4","4","12","12","12","12","24","24","24","24","24","24","24","24","20","20","20","20",
"Sri Lanka","LKA","Proportion of seats held by women in national parliaments (%)","SG.GEN.PARL.ZS","","","","","","","","","","","","","","","","","","","","","","","","","","","","","","","4.9","","","","","","","5.3","5.3","4.9","","","4.4","4.4","4.9","4.9","4.9","5.8","5.8","5.8","5.3","5.8","5.8","5.8","5.8","4.9","5.8",
"Lower middle income","LMC","Proportion of seats held by women in national parliaments (%)","SG.GEN.PARL.ZS","","","","","","","","","","","","","","","","","","","","","","","","","","","","","","","10.0744417981542","","","","","","","7.30531427029943","7.61179871238996","7.88924870466321","8.00498977505112","8.41599577669262","9.69706856997196","9.84785386080914","10.4428283957518","11.4797891231964","11.8814383109743","12.7522388059701","12.7226533587529","14.0371283858181","14.6351920042083","14.345955767833","14.9041551833793","16.073389958069","16.7412838127952","17.4452826133677","17.1306532161406",
"Low & middle income","LMY","Proportion of seats held by women in national parliaments (%)","SG.GEN.PARL.ZS","","","","","","","","","","","","","","","","","","","","","","","","","","","","","","","12.9139198471546","","","","","","","9.41707604738219","11.6504669987547","11.7642436812657","12.0436379476363","12.4139385091034","13.6055041016142","13.4619976654994","14.3704274976511","15.0042031523643","15.49495661203","16.3811325659116","17.1247027741083","17.7246600541028","17.8799899896321","18.5832438009179","19.6633609393018","20.5388953755794","20.8787365398421","21.5544087638277","21.4635750596535",
"Lesotho","LSO","Proportion of seats held by women in national parliaments (%)","SG.GEN.PARL.ZS","","","","","","","","","","","","","","","","","","","","","","","","","","","","","","","","","","","","","","4.6","3.8","3.8","3.8","3.8","","11.7","11.7","11.7","11.7","23.5","25","24.2","24.2","24.2","26.7","26.7","26.7","25","25",
"Late-demographic dividend","LTE","Proportion of seats held by women in national parliaments (%)","SG.GEN.PARL.ZS","","","","","","","","","","","","","","","","","","","","","","","","","","","","","","","16.764763725758","","","","","","","","14.1598044369677","14.7432062239755","14.7611832769348","15.1127021254958","15.6910257685802","15.0667335939977","15.7746300832925","16.0267167381974","16.0501070038911","16.7430652790918","17.0792887029289","17.2146698337292","17.2486263736264","17.6592526523331","18.2834745368215","18.9057296995628","19.1304020579268","19.361890651883","19.3812464155993",
"Lithuania","LTU","Proportion of seats held by women in national parliaments (%)","SG.GEN.PARL.ZS","","","","","","","","","","","","","","","","","","","","","","","","","","","","","","","","","","","","","","17.5","17.5","17.5","10.6","10.6","10.6","10.6","22","22","24.8","22.7","17.7","19.1","19.1","19.1","24.5","24.1","24.1","23.4","23.4",
"Luxembourg","LUX","Proportion of seats held by women in national parliaments (%)","SG.GEN.PARL.ZS","","","","","","","","","","","","","","","","","","","","","","","","","","","","","","","13.3","","","","","","","20","20","16.7","16.7","16.7","16.7","16.7","23.3","23.3","23.3","23.3","23.3","20","20","25","21.7","23.3","28.3","28.3","28.3",
"Latvia","LVA","Proportion of seats held by women in national parliaments (%)","SG.GEN.PARL.ZS","","","","","","","","","","","","","","","","","","","","","","","","","","","","","","","","","","","","","","9","9","17","17","17","18","21","21","21","19","20","20","22","20","23","23","23","18","18","18",
"Macao SAR, China","MAC","Proportion of seats held by women in national parliaments (%)","SG.GEN.PARL.ZS","","","","","","","","","","","","","","","","","","","","","","","","","","","","","","","","","","","","","","","","","","","","","","","","","","","","","","","","","",
"St. Martin (French part)","MAF","Proportion of seats held by women in national parliaments (%)","SG.GEN.PARL.ZS","","","","","","","","","","","","","","","","","","","","","","","","","","","","","","","","","","","","","","","","","","","","","","","","","","","","","","","","","",
"Morocco","MAR","Proportion of seats held by women in national parliaments (%)","SG.GEN.PARL.ZS","","","","","","","","","","","","","","","","","","","","","","","","","","","","","","","0","","","","","","","0.6","0.6","0.6","0.6","0.6","10.8","10.8","10.8","10.8","10.8","10.5","10.5","10.5","10.5","17","17","17","17","17","17",
"Monaco","MCO","Proportion of seats held by women in national parliaments (%)","SG.GEN.PARL.ZS","","","","","","","","","","","","","","","","","","","","","","","","","","","","","","","11.1","","","","","","","5.6","22.2","22.2","22.2","22.2","22.2","20.8","20.8","20.8","20.8","20.8","25","26.1","26.1","19","19","20.8","20.8","20.8","20.8",
"Moldova","MDA","Proportion of seats held by women in national parliaments (%)","SG.GEN.PARL.ZS","","","","","","","","","","","","","","","","","","","","","","","","","","","","","","","","","","","","","","4.8","","8.9","7.9","12.9","12.9","12.9","15.8","21.8","21.8","21.8","21.8","23.8","18.8","19.8","19.8","19.8","17.8","21.8","21.8",
"Madagascar","MDG","Proportion of seats held by women in national parliaments (%)","SG.GEN.PARL.ZS","","","","","","","","","","","","","","","","","","","","","","","","","","","","","","","6.5","","","","","","","3.7","","8","8","8","","3.8","6.9","6.9","6.9","7.9","7.9","","12.5","12.5","17.5","17.5","20.5","20.5","20.5",
"Maldives","MDV","Proportion of seats held by women in national parliaments (%)","SG.GEN.PARL.ZS","","","","","","","","","","","","","","","","","","","","","","","","","","","","","","","6.3","","","","","","","6.3","6.3","","6","6","6","6","6","12","12","12","12","6.5","6.5","6.5","6.5","6.5","5.9","5.9","5.9",
"Middle East & North Africa","MEA","Proportion of seats held by women in national parliaments (%)","SG.GEN.PARL.ZS","","","","","","","","","","","","","","","","","","","","","","","","","","","","","","","3.8038374717833","","","","","","","4.00353398058252","3.61574294457667","4.1812521036688","4.19936560934891","4.32920147009689","5.8971019320453","5.87146739130435","6.60036255767963","6.16987447698745","8.06238845144357","8.35554685460715","8.30806577916993","8.79245867768595","10.4278446115288","10.0586466165414","13.1462991718427","15.9354265402844","16.0883051350549","16.3882457702582","16.1645397225725",
"Mexico","MEX","Proportion of seats held by women in national parliaments (%)","SG.GEN.PARL.ZS","","","","","","","","","","","","","","","","","","","","","","","","","","","","","","","12","","","","","","","14.2","17.4","18.2","16","16","16","22.6","22.6","24.2","22.6","23.2","23.2","27.6","26.2","26.2","36.8","36.8","37.4","42.4","42.4",
"Marshall Islands","MHL","Proportion of seats held by women in national parliaments (%)","SG.GEN.PARL.ZS","","","","","","","","","","","","","","","","","","","","","","","","","","","","","","","","","","","","","","","","","3","3","3","3","3","3","3","3","3","3","3","3","3","3","3","9.1","9.1",
"Middle income","MIC","Proportion of seats held by women in national parliaments (%)","SG.GEN.PARL.ZS","","","","","","","","","","","","","","","","","","","","","","","","","","","","","","","13.1667585183615","","","","","","","8.89478294724547","11.6411364872213","11.9249585111427","11.92177078043","12.1189434563313","13.2920161073825","13.2837438910006","14.0945232273839","14.2336719266749","14.8396202472153","15.7592809839167","16.2754129217449","17.1843528266011","17.400761766573","17.5947087266866","18.7695827048768","19.6330195241849","20.2941948088194","20.7349568318318","20.6432688423037",
"Macedonia, FYR","MKD","Proportion of seats held by women in national parliaments (%)","SG.GEN.PARL.ZS","","","","","","","","","","","","","","","","","","","","","","","","","","","","","","","","","","","","","","3.3","3.3","7.5","6.7","6.7","17.5","18.3","19.2","19.2","28.3","29.2","31.7","32.5","32.5","30.9","32.5","34.1","33.3","33.3","33.3",
"Mali","MLI","Proportion of seats held by women in national parliaments (%)","SG.GEN.PARL.ZS","","","","","","","","","","","","","","","","","","","","","","","","","","","","","","","","","","","","","","12.2","12.2","12.2","12.2","12.2","10.2","10.2","10.2","10.2","10.2","10.2","10.2","10.2","10.2","10.2","10.2","10.2","9.5","8.8","8.8",
"Malta","MLT","Proportion of seats held by women in national parliaments (%)","SG.GEN.PARL.ZS","","","","","","","","","","","","","","","","","","","","","","","","","","","","","","","2.9","","","","","","","5.8","5.8","9.2","9.2","9.2","9.2","7.7","9.2","9.2","9.2","9.2","8.7","8.7","8.7","8.7","8.7","14.3","14.3","12.9","12.9",
"Myanmar","MMR","Proportion of seats held by women in national parliaments (%)","SG.GEN.PARL.ZS","","","","","","","","","","","","","","","","","","","","","","","","","","","","","","","","","","","","","","","","","","","","","","","","","","","4.3","3.5","6","6","5.6","12.7","9.9",
"Middle East & North Africa (excluding high income)","MNA","Proportion of seats held by women in national parliaments (%)","SG.GEN.PARL.ZS","","","","","","","","","","","","","","","","","","","","","","","","","","","","","","","3.74907369287773","","","","","","","3.92373693379791","3.50627347858753","3.88679597165237","3.8739741219963","3.98198298187199","5.67887168141593","6.00846030473136","6.96853258696521","6.40873965041398","8.63830445544554","8.8522896039604","8.77397769516729","9.09990822881615","10.9838500147623","10.5150602409639","14.1653480527446","16.4158426560808","16.7501085383502","16.9021353601158","16.5468889550461",
"Montenegro","MNE","Proportion of seats held by women in national parliaments (%)","SG.GEN.PARL.ZS","","","","","","","","","","","","","","","","","","","","","","","","","","","","","","","","","","","","","","","","","","","","","","","8.6","11.1","11.1","11.1","11.1","12.3","17.3","16","17.3","17.3","17.3",
"Mongolia","MNG","Proportion of seats held by women in national parliaments (%)","SG.GEN.PARL.ZS","","","","","","","","","","","","","","","","","","","","","","","","","","","","","","","24.9","","","","","","","7.9","7.9","7.9","10.5","10.5","10.5","10.5","6.8","6.7","6.6","6.6","4.2","3.9","3.9","3.9","14.9","14.9","14.9","14.5","14.5",
"Northern Mariana Islands","MNP","Proportion of seats held by women in national parliaments (%)","SG.GEN.PARL.ZS","","","","","","","","","","","","","","","","","","","","","","","","","","","","","","","","","","","","","","","","","","","","","","","","","","","","","","","","","",
"Mozambique","MOZ","Proportion of seats held by women in national parliaments (%)","SG.GEN.PARL.ZS","","","","","","","","","","","","","","","","","","","","","","","","","","","","","","","15.7","","","","","","","25.2","25.2","","30","30","30","30","34.8","34.8","34.8","34.8","34.8","39.2","39.2","39.2","39.2","39.2","","39.6","39.6",
"Mauritania","MRT","Proportion of seats held by women in national parliaments (%)","SG.GEN.PARL.ZS","","","","","","","","","","","","","","","","","","","","","","","","","","","","","","","","","","","","","","1.3","3.8","3.8","3.8","","","3.7","3.7","","17.9","22.1","22.1","22.1","22.1","22.1","22.1","22.1","25.2","25.2","25.2",
"Mauritius","MUS","Proportion of seats held by women in national parliaments (%)","SG.GEN.PARL.ZS","","","","","","","","","","","","","","","","","","","","","","","","","","","","","","","7.1","","","","","","","7.6","7.6","7.6","5.7","5.7","5.7","5.7","5.7","17.1","17.1","17.1","17.1","17.1","18.8","18.8","18.8","18.8","18.8","11.6","11.6",
"Malawi","MWI","Proportion of seats held by women in national parliaments (%)","SG.GEN.PARL.ZS","","","","","","","","","","","","","","","","","","","","","","","","","","","","","","","9.8","","","","","","","5.6","5.6","8.3","9.3","9.3","9.3","9.3","14","13.6","13.6","13","13","20.8","20.8","22.3","22.3","22.3","16.7","16.7","16.7",
"Malaysia","MYS","Proportion of seats held by women in national parliaments (%)","SG.GEN.PARL.ZS","","","","","","","","","","","","","","","","","","","","","","","","","","","","","","","5.1","","","","","","","7.8","7.8","","10.4","10.4","10.4","10.5","9.1","9.1","9.1","10","10.8","9.9","9.9","10.4","10.4","10.4","10.4","10.4","10.4",
"North America","NAC","Proportion of seats held by women in national parliaments (%)","SG.GEN.PARL.ZS","","","","","","","","","","","","","","","","","","","","","","","","","","","","","","","9.28365122615804","","","","","","","15.3398097826087","15.3398097826087","16.2854619565217","","16.6991847826087","16.5809782608696","16.8764945652174","17.4701211305518","17.6457604306864","18.1654104979812","18.6547297297297","19.114131897712","18.9970390309556","18.9970390309556","20.1144399460189","20.7811320754717","20.734100135318","21.699730458221","22.2896373056995","22.2896373056995",
"Namibia","NAM","Proportion of seats held by women in national parliaments (%)","SG.GEN.PARL.ZS","","","","","","","","","","","","","","","","","","","","","","","","","","","","","","","6.9","","","","","","","22.2","22.2","22.2","25","25","25","26.4","25","26.9","26.9","26.9","26.9","26.9","24.4","24.4","24.4","24.4","","41.3","41.3",
"New Caledonia","NCL","Proportion of seats held by women in national parliaments (%)","SG.GEN.PARL.ZS","","","","","","","","","","","","","","","","","","","","","","","","","","","","","","","","","","","","","","","","","","","","","","","","","","","","","","","","","",
"Niger","NER","Proportion of seats held by women in national parliaments (%)","SG.GEN.PARL.ZS","","","","","","","","","","","","","","","","","","","","","","","","","","","","","","","5.4","","","","","","","1.2","1.2","","1.2","1.2","1.2","1.2","12.4","12.4","12.4","12.4","12.4","9.7","","13.3","13.3","13.3","13.3","13.3","13.3",
"Nigeria","NGA","Proportion of seats held by women in national parliaments (%)","SG.GEN.PARL.ZS","","","","","","","","","","","","","","","","","","","","","","","","","","","","","","","","","","","","","","","","","3.4","3.4","3.4","4.9","4.7","6.4","6.1","7","7","7","7","6.8","6.7","6.7","6.7","5.6","5.6",
"Nicaragua","NIC","Proportion of seats held by women in national parliaments (%)","SG.GEN.PARL.ZS","","","","","","","","","","","","","","","","","","","","","","","","","","","","","","","14.8","","","","","","","10.8","10.8","9.7","9.7","","20.7","20.7","20.7","20.7","15.2","18.5","18.5","20.7","20.7","40.2","40.2","40.2","42.4","41.3","41.3",
"Netherlands","NLD","Proportion of seats held by women in national parliaments (%)","SG.GEN.PARL.ZS","","","","","","","","","","","","","","","","","","","","","","","","","","","","","","","21.3","","","","","","","31.3","36","36","36","36","34","36.7","36.7","36.7","36.7","39.3","41.3","42","40.7","40.7","38.7","38.7","38.7","37.3","37.3",
"Norway","NOR","Proportion of seats held by women in national parliaments (%)","SG.GEN.PARL.ZS","","","","","","","","","","","","","","","","","","","","","","","","","","","","","","","35.8","","","","","","","36.4","36.4","36.4","36.4","35.8","36.4","36.4","38.2","37.9","37.9","36.1","36.1","39.6","39.6","39.6","39.6","39.6","39.6","39.6","39.6",
"Nepal","NPL","Proportion of seats held by women in national parliaments (%)","SG.GEN.PARL.ZS","","","","","","","","","","","","","","","","","","","","","","","","","","","","","","","6.1","","","","","","","3.4","3.4","5.9","5.9","5.9","5.9","5.9","5.9","5.9","5.9","17.3","33.2","33.2","33.2","33.2","33.2","33.2","29.5","29.5","29.5",
"Nauru","NRU","Proportion of seats held by women in national parliaments (%)","SG.GEN.PARL.ZS","","","","","","","","","","","","","","","","","","","","","","","","","","","","","","","5.6","","","","","","","","0","0","","0","0","","0","0","0","0","0","0","0","0","0","5.3","5.3","5.3","5.3",
"New Zealand","NZL","Proportion of seats held by women in national parliaments (%)","SG.GEN.PARL.ZS","","","","","","","","","","","","","","","","","","","","","","","","","","","","","","","14.4","","","","","","","29.2","29.2","29.2","30.8","30.8","29.2","28.3","28.3","32.2","32.2","33.1","33.6","33.6","33.6","32.2","32.2","32.2","29.8","31.4","31.4",
"OECD members","OED","Proportion of seats held by women in national parliaments (%)","SG.GEN.PARL.ZS","","","","","","","","","","","","","","","","","","","","","","","","","","","","","","","12.1140762812872","","","","","","","16.0481594158807","16.3018152317209","17.3626421335539","18.2681686693369","17.9232707718262","19.4088499500943","19.6796815613765","20.1169316042669","20.7537264537265","21.1683021568026","22.3794806257029","22.611089533933","23.3148575513122","23.3212003674594","24.1498060036757","25.1815741118824","26.2059885737605","26.9079234688572","28.0260423148724","27.9861128396598",
"Oman","OMN","Proportion of seats held by women in national parliaments (%)","SG.GEN.PARL.ZS","","","","","","","","","","","","","","","","","","","","","","","","","","","","","","","","","","","","","","","","","","","","","2.4","2.4","2.4","0","0","0","0","1.2","1.2","1.2","1.2","1.2","1.2",
"Other small states","OSS","Proportion of seats held by women in national parliaments (%)","SG.GEN.PARL.ZS","","","","","","","","","","","","","","","","","","","","","","","","","","","","","","","9.08609022556391","","","","","","","8.92045293701345","8.43621151271754","9.73586261980831","10.6399312714777","10.9186941580756","11.6929758308157","13.3084590163934","13.747197640118","14.6495585638611","13.7136563876652","14.8321249302844","15.2742182890855","15.243048283886","15.6033178114086","16.0997674418605","17.0955659276546","17.0870816206694","17.4289457647776","18.6196449026346","18.6196449026346",
"Pakistan","PAK","Proportion of seats held by women in national parliaments (%)","SG.GEN.PARL.ZS","","","","","","","","","","","","","","","","","","","","","","","","","","","","","","","10.1","","","","","","","2.3","2.3","","","","21.1","21.6","21.3","21.3","21.3","21.1","22.5","22.2","22.2","22.5","22.5","20.7","20.7","20.6","20.6",
"Panama","PAN","Proportion of seats held by women in national parliaments (%)","SG.GEN.PARL.ZS","","","","","","","","","","","","","","","","","","","","","","","","","","","","","","","7.5","","","","","","","9.7","9.7","","9.9","9.9","9.9","9.9","16.7","16.7","16.7","16.7","16.7","8.5","8.5","8.5","8.5","8.5","19.3","18.3","18.3",
"Peru","PER","Proportion of seats held by women in national parliaments (%)","SG.GEN.PARL.ZS","","","","","","","","","","","","","","","","","","","","","","","","","","","","","","","5.6","","","","","","","10.8","10.8","10.8","","17.5","17.5","17.5","18.3","18.3","29.2","29.2","29.2","27.5","27.5","21.5","21.5","21.5","22.3","22.3","22.3",
"Philippines","PHL","Proportion of seats held by women in national parliaments (%)","SG.GEN.PARL.ZS","","","","","","","","","","","","","","","","","","","","","","","","","","","","","","","9.1","","","","","","","11.1","12.4","12.4","11.3","17.8","17.8","17.8","15.3","15.3","15.3","20.5","20.5","21","22.1","22.9","22.9","27.1","27.3","27.2","27.2",
"Palau","PLW","Proportion of seats held by women in national parliaments (%)","SG.GEN.PARL.ZS","","","","","","","","","","","","","","","","","","","","","","","","","","","","","","","","","","","","","","0","0","0","0","0","0","0","0","0","0","0","0","0","0","0","0","0","0","0","0",
"Papua New Guinea","PNG","Proportion of seats held by women in national parliaments (%)","SG.GEN.PARL.ZS","","","","","","","","","","","","","","","","","","","","","","","","","","","","","","","0","","","","","","","1.8","1.8","1.8","1.8","1.8","","0.9","0.9","0.9","0.9","0.9","0.9","0.9","0.9","0.9","2.7","2.7","2.7","2.7","2.7",
"Poland","POL","Proportion of seats held by women in national parliaments (%)","SG.GEN.PARL.ZS","","","","","","","","","","","","","","","","","","","","","","","","","","","","","","","13.5","","","","","","","13","13","13","13","20.2","20.2","20.2","20.2","20.4","20.4","20.4","20.2","20","20","23.7","23.7","23.7","24.3","27.4","27.4",
"Pre-demographic dividend","PRE","Proportion of seats held by women in national parliaments (%)","SG.GEN.PARL.ZS","","","","","","","","","","","","","","","","","","","","","","","","","","","","","","","","","","","","","","","","","10.0052878675562","11.2895401822701","12.552770751897","13.0963094988467","13.6854868228404","15.2873244091886","16.0964885021753","16.6776502044668","17.2252196134803","17.4248519788096","17.1960394464769","19.5363704819277","20.1549098196393","21.036511329628","20.8922083704363","21.8424122310306","21.917866215072",
"Puerto Rico","PRI","Proportion of seats held by women in national parliaments (%)","SG.GEN.PARL.ZS","","","","","","","","","","","","","","","","","","","","","","","","","","","","","","","","","","","","","","","","","","","","","","","","","","","","","","","","","",
"Korea, Dem. People’s Rep.","PRK","Proportion of seats held by women in national parliaments (%)","SG.GEN.PARL.ZS","","","","","","","","","","","","","","","","","","","","","","","","","","","","","","","21.1","","","","","","","20.1","20.1","20.1","20.1","20.1","20.1","","20.1","20.1","20.1","20.1","20.1","15.6","15.6","15.6","15.6","15.6","16.3","16.3","16.3",
"Portugal","PRT","Proportion of seats held by women in national parliaments (%)","SG.GEN.PARL.ZS","","","","","","","","","","","","","","","","","","","","","","","","","","","","","","","7.6","","","","","","","13","13","18.7","17.4","18.7","19.1","19.1","19.1","21.3","21.3","28.3","28.3","27.4","27.4","28.7","28.7","28.7","31.3","34.8","34.8",
"Paraguay","PRY","Proportion of seats held by women in national parliaments (%)","SG.GEN.PARL.ZS","","","","","","","","","","","","","","","","","","","","","","","","","","","","","","","5.6","","","","","","","2.5","","2.5","2.5","2.5","2.5","8.8","10","10","10","10","12.5","12.5","12.5","12.5","12.5","17.5","15","15","15",
"Pacific island small states","PSS","Proportion of seats held by women in national parliaments (%)","SG.GEN.PARL.ZS","","","","","","","","","","","","","","","","","","","","","","","","","","","","","","","","","","","","","","2.5926724137931","2.09024390243902","4.66770186335404","","2.94542772861357","3.18982558139535","2.72249240121581","3.59128205128205","3.85398457583547","","","","","","","","","4.86297297297297","5.6772972972973","5.40378378378378",
"Post-demographic dividend","PST","Proportion of seats held by women in national parliaments (%)","SG.GEN.PARL.ZS","","","","","","","","","","","","","","","","","","","","","","","","","","","","","","","14.4566054808687","","","","","","","16.8846775932715","17.9427569035763","18.2356191524491","19.4172034098982","18.954711782211","20.1270083102493","20.7312663185379","21.6769900903844","22.0474121405751","22.787920391656","23.6607123870282","24.3230646702772","24.7404582581946","24.8631216201887","25.3152044293015","25.9402341671102","27.339058524173","28.1320104098894","28.5787059078122","28.5296721134076",
"French Polynesia","PYF","Proportion of seats held by women in national parliaments (%)","SG.GEN.PARL.ZS","","","","","","","","","","","","","","","","","","","","","","","","","","","","","","","","","","","","","","","","","","","","","","","","","","","","","","","","","",
"Qatar","QAT","Proportion of seats held by women in national parliaments (%)","SG.GEN.PARL.ZS","","","","","","","","","","","","","","","","","","","","","","","","","","","","","","","","","","","","","","","","","","","","","","","0","0","0","0","0","0","0","0","0","0","0",
"Romania","ROU","Proportion of seats held by women in national parliaments (%)","SG.GEN.PARL.ZS","","","","","","","","","","","","","","","","","","","","","","","","","","","","","","","34.4","","","","","","","7.3","7.3","7.3","","10.7","10.7","10.7","11.4","11.2","11.2","9.4","11.4","11.4","11.4","11.2","13.3","13.3","13.5","13.7","13.7",
"Russian Federation","RUS","Proportion of seats held by women in national parliaments (%)","SG.GEN.PARL.ZS","","","","","","","","","","","","","","","","","","","","","","","","","","","","","","","15.6","","","","","","","10.2","10.2","","7.7","7.6","7.6","7.6","9.8","9.8","9.8","14","14","14","14","13.6","13.6","13.6","13.6","13.6","13.6",
"Rwanda","RWA","Proportion of seats held by women in national parliaments (%)","SG.GEN.PARL.ZS","","","","","","","","","","","","","","","","","","","","","","","","","","","","","","","17.1","","","","","","","17.1","17.1","17.1","25.7","25.7","25.7","48.8","48.8","48.8","48.8","48.8","56.3","56.3","56.3","56.3","56.3","63.8","63.8","63.8","63.8",
"South Asia","SAS","Proportion of seats held by women in national parliaments (%)","SG.GEN.PARL.ZS","","","","","","","","","","","","","","","","","","","","","","","","","","","","","","","6.33653741125068","","","","","","","5.76627906976744","6.04906868451688","7.00549828178694","8.44683346364347","8.10432489451477","9.08490358126722","9.17911845730028","9.02611324903793","13.2774774774775","12.8561137440758","14.2865353911655","18.4624732563115","20.057301980198","20.0519801980198","20.3409221902017","20.3409221902017","20.0417012448133","19.2310715763343","19.3155455291222","19.398605414274",
"Saudi Arabia","SAU","Proportion of seats held by women in national parliaments (%)","SG.GEN.PARL.ZS","","","","","","","","","","","","","","","","","","","","","","","","","","","","","","","","","","","","","","","","","","","","0","0","0","0","0","0","0","0","0","0","19.9","19.9","19.9","19.9",
"Sudan","SDN","Proportion of seats held by women in national parliaments (%)","SG.GEN.PARL.ZS","","","","","","","","","","","","","","","","","","","","","","","","","","","","","","","","","","","","","","5.3","5.3","","","9.7","9.7","9.7","9.7","14.7","17.8","18.1","18.1","18.9","25.6","24.6","24.6","24.6","24.3","30.5","30.5",
"Senegal","SEN","Proportion of seats held by women in national parliaments (%)","SG.GEN.PARL.ZS","","","","","","","","","","","","","","","","","","","","","","","","","","","","","","","12.5","","","","","","","11.7","12.1","12.1","12.1","16.7","19.2","19.2","19.2","19.2","19.2","22","22","22.7","22.7","22.7","42.7","42.7","43.3","42.7","42.7",
"Singapore","SGP","Proportion of seats held by women in national parliaments (%)","SG.GEN.PARL.ZS","","","","","","","","","","","","","","","","","","","","","","","","","","","","","","","4.9","","","","","","","4.8","4.8","4.3","4.3","11.8","11.8","16","16","16","21.2","24.5","24.5","23.4","23.4","22.2","24.2","24.2","25.3","23.9","23.1",
"Solomon Islands","SLB","Proportion of seats held by women in national parliaments (%)","SG.GEN.PARL.ZS","","","","","","","","","","","","","","","","","","","","","","","","","","","","","","","0","","","","","","","","2","2","2","","0","0","0","0","0","0","0","0","0","0","2","2","2","2","2",
"Sierra Leone","SLE","Proportion of seats held by women in national parliaments (%)","SG.GEN.PARL.ZS","","","","","","","","","","","","","","","","","","","","","","","","","","","","","","","","","","","","","","","","8.8","8.8","8.8","","14.5","14.5","14.5","14.5","13.2","13.2","13.2","13.2","12.9","12.4","12.4","12.1","12.4","12.4",
"El Salvador","SLV","Proportion of seats held by women in national parliaments (%)","SG.GEN.PARL.ZS","","","","","","","","","","","","","","","","","","","","","","","","","","","","","","","11.7","","","","","","","15.5","16.7","16.7","9.5","9.5","9.5","10.7","10.7","10.7","16.7","16.7","16.7","19","19","19","26.2","26.2","27.4","32.1","32.1",
"San Marino","SMR","Proportion of seats held by women in national parliaments (%)","SG.GEN.PARL.ZS","","","","","","","","","","","","","","","","","","","","","","","","","","","","","","","11.7","","","","","","","11.7","13.3","13.3","13.3","16.7","16.7","16.7","16.7","16.7","11.7","11.7","15","16.7","16.7","18.3","16.7","18.3","18.3","16.7","16.7",
"Somalia","SOM","Proportion of seats held by women in national parliaments (%)","SG.GEN.PARL.ZS","","","","","","","","","","","","","","","","","","","","","","","","","","","","","","","4","","","","","","","","","","","","","","","8","7.8","8.2","8.2","6.9","6.8","6.8","13.8","13.8","13.8","13.8","13.8",
"Serbia","SRB","Proportion of seats held by women in national parliaments (%)","SG.GEN.PARL.ZS","","","","","","","","","","","","","","","","","","","","","","","","","","","","","","","","","","","","","","","","","","","","","","","12","20.4","21.6","21.6","21.6","22","33.2","33.2","34","34","34",
"Sub-Saharan Africa (excluding high income)","SSA","Proportion of seats held by women in national parliaments (%)","SG.GEN.PARL.ZS","","","","","","","","","","","","","","","","","","","","","","","","","","","","","","","","","","","","","","10.1071961158315","10.8519041142469","","11.5090581017683","12.2262867647059","13.3732499154549","13.6385951774749","14.67142107335","16.181270127528","16.58526155021","17.2816574868708","17.7777963701892","18.4469830850795","18.724529517917","20.4542945163278","21.2951367781155","22.1711390635919","22.0223396501458","23.5664742553683","23.6236757254721",
"South Sudan","SSD","Proportion of seats held by women in national parliaments (%)","SG.GEN.PARL.ZS","","","","","","","","","","","","","","","","","","","","","","","","","","","","","","","","","","","","","","","","","","","","","","","","","","","","26.5","26.5","26.5","26.5","26.5","26.5",
"Sub-Saharan Africa","SSF","Proportion of seats held by women in national parliaments (%)","SG.GEN.PARL.ZS","","","","","","","","","","","","","","","","","","","","","","","","","","","","","","","","","","","","","","10.2050172413793","10.9245943204868","","11.5821736011478","12.2846997866504","13.464862138534","13.7184473252868","14.7368386675376","16.238912402206","16.6404764922063","17.3086213493177","17.8027297193387","18.4685771744595","18.7453670431212","20.5459923898368","21.3823543659925","22.2514504525412","22.1066674733785","23.6409477800782","23.6977512620468",
"Small states","SST","Proportion of seats held by women in national parliaments (%)","SG.GEN.PARL.ZS","","","","","","","","","","","","","","","","","","","","","","","","","","","","","","","8.63137948458818","","","","","","","8.66917330677291","8.15556079170594","9.54479431183342","9.88951965065502","10.335119047619","10.998998998999","12.2818539571491","12.8743345252284","13.5284920634921","12.9956809338521","13.9114542611415","14.0648824006488","14.0307599517491","13.8950865888039","14.3802732020892","15.1227822580645","15.3046558704453","15.4855338223309","16.9444574551132","16.9049570647931",
"Sao Tome and Principe","STP","Proportion of seats held by women in national parliaments (%)","SG.GEN.PARL.ZS","","","","","","","","","","","","","","","","","","","","","","","","","","","","","","","11.8","","","","","","","7.3","7.3","9.1","9.1","9.1","","9.1","9.1","9.1","7.3","1.8","7.3","7.3","18.2","18.2","18.2","18.2","18.2","18.2","18.2",
"Suriname","SUR","Proportion of seats held by women in national parliaments (%)","SG.GEN.PARL.ZS","","","","","","","","","","","","","","","","","","","","","","","","","","","","","","","7.8","","","","","","","15.7","15.7","15.7","","17.6","17.6","17.6","19.6","25.5","25.5","25.5","25.5","25.5","9.8","11.8","11.8","11.8","11.8","25.5","25.5",
"Slovak Republic","SVK","Proportion of seats held by women in national parliaments (%)","SG.GEN.PARL.ZS","","","","","","","","","","","","","","","","","","","","","","","","","","","","","","","","","","","","","","14.7","14.7","12.7","14","14","17.3","19.3","16.7","16.7","20","19.3","19.3","18","15.3","16","18.7","18.7","18.7","18.7","18.7",
"Slovenia","SVN","Proportion of seats held by women in national parliaments (%)","SG.GEN.PARL.ZS","","","","","","","","","","","","","","","","","","","","","","","","","","","","","","","","","","","","","","7.8","7.8","7.8","","12.2","12.2","12.2","12.2","12.2","12.2","12.2","13.3","14.4","14.4","32.2","32.2","32.2","35.6","36.7","36.7",
"Sweden","SWE","Proportion of seats held by women in national parliaments (%)","SG.GEN.PARL.ZS","","","","","","","","","","","","","","","","","","","","","","","","","","","","","","","38.4","","","","","","","40.4","40.4","42.7","42.7","42.7","45","45.3","45.3","45.3","47.3","47","47","46.4","45","44.7","44.7","44.7","44.7","43.6","43.6",
"Swaziland","SWZ","Proportion of seats held by women in national parliaments (%)","SG.GEN.PARL.ZS","","","","","","","","","","","","","","","","","","","","","","","","","","","","","","","3.6","","","","","","","3.1","3.1","3.1","3.1","3.1","3.1","10.8","10.8","10.8","10.8","10.8","13.8","13.6","13.6","13.6","13.6","6.2","6.2","6.2","6.2",
"Sint Maarten (Dutch part)","SXM","Proportion of seats held by women in national parliaments (%)","SG.GEN.PARL.ZS","","","","","","","","","","","","","","","","","","","","","","","","","","","","","","","","","","","","","","","","","","","","","","","","","","","","","","","","","",
"Seychelles","SYC","Proportion of seats held by women in national parliaments (%)","SG.GEN.PARL.ZS","","","","","","","","","","","","","","","","","","","","","","","","","","","","","","","16","","","","","","","27.3","23.5","23.5","23.5","23.5","29.4","29.4","29.4","29.4","29.4","23.5","23.5","23.5","23.5","43.8","43.8","43.8","43.8","43.8","43.8",
"Syrian Arab Republic","SYR","Proportion of seats held by women in national parliaments (%)","SG.GEN.PARL.ZS","","","","","","","","","","","","","","","","","","","","","","","","","","","","","","","9.2","","","","","","","9.6","9.6","10.4","10.4","10.4","10.4","12","12","12","12","12","12.4","12.4","12.4","12.4","12","12","12","12.4","12.4",
"Turks and Caicos Islands","TCA","Proportion of seats held by women in national parliaments (%)","SG.GEN.PARL.ZS","","","","","","","","","","","","","","","","","","","","","","","","","","","","","","","","","","","","","","","","","","","","","","","","","","","","","","","","","",
"Chad","TCD","Proportion of seats held by women in national parliaments (%)","SG.GEN.PARL.ZS","","","","","","","","","","","","","","","","","","","","","","","","","","","","","","","","","","","","","","2.4","2.4","2.4","2.4","2.4","","5.8","6.5","6.5","6.5","5.2","5.2","5.2","5.2","12.8","14.9","14.9","14.9","14.9","14.9",
"East Asia & Pacific (IDA & IBRD countries)","TEA","Proportion of seats held by women in national parliaments (%)","SG.GEN.PARL.ZS","","","","","","","","","","","","","","","","","","","","","","","","","","","","","","","16.752637302882","","","","","","","","17.1546846182221","18.2363331235578","16.9322949308756","17.2148048693162","17.7540072202166","16.7943376441804","16.7327275844334","16.8868936170213","17.2687072380266","17.6628998609179","17.9640830449827","18.7864832330181","18.084417696812","18.0713601532567","18.4188095238095","19.6223594615994","19.279626569729","20.0517817936159","19.6998839330128",
"Europe & Central Asia (IDA & IBRD countries)","TEC","Proportion of seats held by women in national parliaments (%)","SG.GEN.PARL.ZS","","","","","","","","","","","","","","","","","","","","","","","","","","","","","","","","","","","","","","7.18260978043912","7.69504921829763","","8.61949345475242","10.7624183796856","12.8290979631426","10.6385040160643","12.416089046294","12.3429782988276","12.7949838932352","14.8126279863481","15.1027908067542","15.8200408533818","15.8783735075467","16.8862939585212","18.2262983425414","18.4308423612646","18.8653093012906","18.8874832962138","18.8874832962138",
"Togo","TGO","Proportion of seats held by women in national parliaments (%)","SG.GEN.PARL.ZS","","","","","","","","","","","","","","","","","","","","","","","","","","","","","","","5.2","","","","","","","1.2","1.2","","4.9","4.9","4.9","7.4","6.2","7.4","8.6","11.1","11.1","11.1","11.1","11.1","11.1","15.4","17.6","17.6","17.6",
"Thailand","THA","Proportion of seats held by women in national parliaments (%)","SG.GEN.PARL.ZS","","","","","","","","","","","","","","","","","","","","","","","","","","","","","","","2.8","","","","","","","5.6","5.6","5.6","4.8","9.2","9.2","9.2","8.8","10.6","8.7","11.7","11.7","13.3","13.3","15.8","15.8","15.8","6.1","6.1","6.1",
"Tajikistan","TJK","Proportion of seats held by women in national parliaments (%)","SG.GEN.PARL.ZS","","","","","","","","","","","","","","","","","","","","","","","","","","","","","","","","","","","","","","2.8","2.8","2.8","15","12.7","12.7","12.7","12.7","17.5","17.5","17.5","17.5","17.5","19","19","19","19","16.9","19","19",
"Turkmenistan","TKM","Proportion of seats held by women in national parliaments (%)","SG.GEN.PARL.ZS","","","","","","","","","","","","","","","","","","","","","","","","","","","","","","","26","","","","","","","18","18","","26","26","26","26","","16","16","16","","16.8","16.8","16.8","16.8","16.8","26.4","25.8","25.8",
"Latin America & the Caribbean (IDA & IBRD countries)","TLA","Proportion of seats held by women in national parliaments (%)","SG.GEN.PARL.ZS","","","","","","","","","","","","","","","","","","","","","","","","","","","","","","","8.53947953030784","","","","","","","11.2533267130089","12.9019308943089","11.7758754863813","12.6440410958904","11.7153081510934","13.9819504643963","15.3666472642608","16.0439534883721","17.4860586697647","17.6820343839542","18.6943903835146","18.702029731275","19.3619128949616","19.6640697674419","19.5948412698413","21.2966553287982","20.5293239951279","24.0790697674419","24.2689707673569","24.8872033898305",
"Middle East & North Africa (IDA & IBRD countries)","TMN","Proportion of seats held by women in national parliaments (%)","SG.GEN.PARL.ZS","","","","","","","","","","","","","","","","","","","","","","","","","","","","","","","3.74907369287773","","","","","","","3.92373693379791","3.50627347858753","3.88679597165237","3.8739741219963","3.98198298187199","5.67887168141593","6.00846030473135","6.96853258696521","6.40873965041398","8.63830445544554","8.8522896039604","8.77397769516729","9.09990822881615","10.9838500147623","10.5150602409639","14.1653480527446","16.4158426560808","16.7501085383502","16.9021353601158","16.5468889550461",
"Timor-Leste","TLS","Proportion of seats held by women in national parliaments (%)","SG.GEN.PARL.ZS","","","","","","","","","","","","","","","","","","","","","","","","","","","","","","","","","","","","","","","","","","","","26.1","25.3","25.3","25.3","29.2","29.2","29.2","29.2","32.3","38.5","38.5","38.5","38.5","38.5",
"Tonga","TON","Proportion of seats held by women in national parliaments (%)","SG.GEN.PARL.ZS","","","","","","","","","","","","","","","","","","","","","","","","","","","","","","","0","","","","","","","0","0","","0","0","","0","0","3.4","3.3","3.3","3.1","3.1","0","3.6","3.6","3.6","0","0","0",
"South Asia (IDA & IBRD)","TSA","Proportion of seats held by women in national parliaments (%)","SG.GEN.PARL.ZS","","","","","","","","","","","","","","","","","","","","","","","","","","","","","","","6.33653741125068","","","","","","","5.76627906976744","6.04906868451688","7.00549828178694","8.44683346364347","8.10432489451477","9.08490358126722","9.17911845730028","9.02611324903793","13.2774774774775","12.8561137440758","14.2865353911655","18.4624732563115","20.057301980198","20.0519801980198","20.3409221902017","20.3409221902017","20.0417012448133","19.2310715763343","19.3155455291222","19.398605414274",
"Sub-Saharan Africa (IDA & IBRD countries)","TSS","Proportion of seats held by women in national parliaments (%)","SG.GEN.PARL.ZS","","","","","","","","","","","","","","","","","","","","","","","","","","","","","","","","","","","","","","10.2050172413793","10.9245943204868","","11.5821736011478","12.2846997866504","13.464862138534","13.7184473252868","14.7368386675376","16.238912402206","16.6404764922063","17.3086213493177","17.8027297193387","18.4685771744595","18.7453670431211","20.5459923898367","21.3823543659925","22.2514504525412","22.1066674733785","23.6409477800782","23.6977512620468",
"Trinidad and Tobago","TTO","Proportion of seats held by women in national parliaments (%)","SG.GEN.PARL.ZS","","","","","","","","","","","","","","","","","","","","","","","","","","","","","","","16.7","","","","","","","11.1","11.1","11.1","","11.1","19.4","19.4","19.4","19.4","19.4","26.8","26.8","26.8","28.6","28.6","28.6","28.6","28.6","31","31",
"Tunisia","TUN","Proportion of seats held by women in national parliaments (%)","SG.GEN.PARL.ZS","","","","","","","","","","","","","","","","","","","","","","","","","","","","","","","4.3","","","","","","","6.7","7.4","11.5","11.5","11.5","11.5","11.5","22.8","22.8","22.8","22.8","22.8","27.6","27.6","26.7","26.7","26.7","31.3","31.3","31.3",
"Turkey","TUR","Proportion of seats held by women in national parliaments (%)","SG.GEN.PARL.ZS","","","","","","","","","","","","","","","","","","","","","","","","","","","","","","","1.3","","","","","","","2.4","2.4","4.2","4.2","4.2","","4.4","4.4","4.4","4.4","9.1","9.1","9.1","9.1","14.2","14.2","14.4","14.4","14.9","14.9",
"Tuvalu","TUV","Proportion of seats held by women in national parliaments (%)","SG.GEN.PARL.ZS","","","","","","","","","","","","","","","","","","","","","","","","","","","","","","","7.7","","","","","","","8.3","","0","0","0","","0","0","0","0","0","0","0","0","6.7","6.7","6.7","6.7","6.7","6.7",
"Tanzania","TZA","Proportion of seats held by women in national parliaments (%)","SG.GEN.PARL.ZS","","","","","","","","","","","","","","","","","","","","","","","","","","","","","","","","","","","","","","17.5","17.5","16.4","","22.3","22.3","21.4","21.4","30.4","30.4","30.4","30.4","30.7","","36","36","36","36","36","36.6",
"Uganda","UGA","Proportion of seats held by women in national parliaments (%)","SG.GEN.PARL.ZS","","","","","","","","","","","","","","","","","","","","","","","","","","","","","","","12.2","","","","","","","18.1","18.1","17.9","17.8","24.7","24.7","24.7","23.9","23.9","29.8","30.7","30.7","31.5","31.3","35","35","35","35","35","35",
"Ukraine","UKR","Proportion of seats held by women in national parliaments (%)","SG.GEN.PARL.ZS","","","","","","","","","","","","","","","","","","","","","","","","","","","","","","","","","","","","","","3.8","","7.8","7.8","7.8","","5.3","5.3","5.3","8.7","8.2","8.2","8","8","8","9.4","9.4","11.7","12.1","12.1",
"Upper middle income","UMC","Proportion of seats held by women in national parliaments (%)","SG.GEN.PARL.ZS","","","","","","","","","","","","","","","","","","","","","","","","","","","","","","","14.8761458076195","","","","","","","","14.4862324890992","14.750443369609","14.6879549393414","14.6111476283532","15.9087670470359","15.9887418387154","16.9336723163842","16.2748436985851","17.0477550685381","17.8663877715205","18.8439192476082","19.4744812114414","19.4954896804526","20.1839788149619","21.6997910807553","22.3330778013375","23.0112296831391","23.2848242545394","23.5106400326131",
"Uruguay","URY","Proportion of seats held by women in national parliaments (%)","SG.GEN.PARL.ZS","","","","","","","","","","","","","","","","","","","","","","","","","","","","","","","6.1","","","","","","","7.1","7.1","12.1","12.1","12.1","12.1","12.1","12.1","11.1","11.1","12.1","12.1","14.1","15.2","12.1","12.1","12.1","16.2","16.2","16.2",
"United States","USA","Proportion of seats held by women in national parliaments (%)","SG.GEN.PARL.ZS","","","","","","","","","","","","","","","","","","","","","","","","","","","","","","","6.6","","","","","","","11.7","11.7","13.3","","14","13.8","14.3","14.9","15.2","16.3","16.8","17","16.8","16.8","16.8","18","17.9","19.3","19.4","19.4",
"Uzbekistan","UZB","Proportion of seats held by women in national parliaments (%)","SG.GEN.PARL.ZS","","","","","","","","","","","","","","","","","","","","","","","","","","","","","","","","","","","","","","6","6","","7.2","7.2","7.2","7.2","17.5","17.5","17.5","17.5","17.5","22","22","22","22","22","22","16","16",
"St. Vincent and the Grenadines","VCT","Proportion of seats held by women in national parliaments (%)","SG.GEN.PARL.ZS","","","","","","","","","","","","","","","","","","","","","","","","","","","","","","","9.5","","","","","","","9.5","","4.8","4.8","","22.7","22.7","22.7","18.2","18.2","18.2","18.2","21.7","14.3","17.4","17.4","13","13","13","13",
"Venezuela, RB","VEN","Proportion of seats held by women in national parliaments (%)","SG.GEN.PARL.ZS","","","","","","","","","","","","","","","","","","","","","","","","","","","","","","","10","","","","","","","5.9","5.9","12.1","","9.7","9.7","9.7","9.7","17.4","18","18.6","18.6","17.5","17","17","17","17","17","17","14.4",
"British Virgin Islands","VGB","Proportion of seats held by women in national parliaments (%)","SG.GEN.PARL.ZS","","","","","","","","","","","","","","","","","","","","","","","","","","","","","","","","","","","","","","","","","","","","","","","","","","","","","","","","","",
"Virgin Islands (U.S.)","VIR","Proportion of seats held by women in national parliaments (%)","SG.GEN.PARL.ZS","","","","","","","","","","","","","","","","","","","","","","","","","","","","","","","","","","","","","","","","","","","","","","","","","","","","","","","","","",
"Vietnam","VNM","Proportion of seats held by women in national parliaments (%)","SG.GEN.PARL.ZS","","","","","","","","","","","","","","","","","","","","","","","","","","","","","","","17.7","","","","","","","26.2","26.2","26","26","26","27.3","27.3","27.3","27.3","27.3","25.8","25.8","25.8","25.8","24.4","24.4","24.4","24.3","24.3","24.3",
"Vanuatu","VUT","Proportion of seats held by women in national parliaments (%)","SG.GEN.PARL.ZS","","","","","","","","","","","","","","","","","","","","","","","","","","","","","","","4.3","","","","","","","","","0","0","0","1.9","1.9","3.8","3.8","3.8","3.8","3.8","3.8","3.8","1.9","0","0","0","0","0",
"West Bank and Gaza","PSE","Proportion of seats held by women in national parliaments (%)","SG.GEN.PARL.ZS","","","","","","","","","","","","","","","","","","","","","","","","","","","","","","","","","","","","","","","","","","","","","","","","","","","","","","","","","",
"World","WLD","Proportion of seats held by women in national parliaments (%)","SG.GEN.PARL.ZS","","","","","","","","","","","","","","","","","","","","","","","","","","","","","","","12.7333078279384","","","","","","","11.6916484492417","13.0672780221823","13.5183124588003","13.9051783621924","14.0863857077416","15.1640703673774","15.175738784714","15.8974391624222","16.4818221269902","16.9776763283719","17.8701828790621","18.445654385777","19.0284570038859","19.1596428571429","19.8291592503403","20.7571878712743","21.7657243355915","22.184438093726","22.8521658791542","22.7399217825349",
"Samoa","WSM","Proportion of seats held by women in national parliaments (%)","SG.GEN.PARL.ZS","","","","","","","","","","","","","","","","","","","","","","","","","","","","","","","0","","","","","","","4.1","4.1","8.2","8.2","6.1","6.1","6.1","6.1","6.1","6.1","8.2","8.2","8.2","8.2","4.1","4.1","4.1","6.1","6.1","6.1",
"Yemen, Rep.","YEM","Proportion of seats held by women in national parliaments (%)","SG.GEN.PARL.ZS","","","","","","","","","","","","","","","","","","","","","","","","","","","","","","","4.1","","","","","","","","0.7","0.7","0.7","0.7","0.7","0.3","0.3","0.3","0.3","0.3","0.3","0.3","0.3","0.3","0.3","0.3","0.3","0","0",
"South Africa","ZAF","Proportion of seats held by women in national parliaments (%)","SG.GEN.PARL.ZS","","","","","","","","","","","","","","","","","","","","","","","","","","","","","","","2.8","","","","","","","25","28.8","30","29.8","29.8","29.8","29.8","32.8","32.8","32.8","33","33","44.5","44.5","42.3","42.3","42.3","41.5","42","42",
"Congo, Dem. Rep.","COD","Proportion of seats held by women in national parliaments (%)","SG.GEN.PARL.ZS","","","","","","","","","","","","","","","","","","","","","","","","","","","","","","","5.4","","","","","","","","","","","","","","12","12","8.4","8.4","8.4","8.4","8.4","","8.9","8.9","10.6","8.9","8.9",
"Zambia","ZMB","Proportion of seats held by women in national parliaments (%)","SG.GEN.PARL.ZS","","","","","","","","","","","","","","","","","","","","","","","","","","","","","","","6.6","","","","","","","9.7","10.3","10.1","10.1","10.1","12","12","12","12.7","14.6","15.2","15.2","14","14","11.5","11.5","11.5","10.8","12.7","12.7",
"Zimbabwe","ZWE","Proportion of seats held by women in national parliaments (%)","SG.GEN.PARL.ZS","","","","","","","","","","","","","","","","","","","","","","","","","","","","","","","11","","","","","","","14.7","14.7","14","9.3","10","10","10","10","16","16.7","16","15.2","15","15","15","15","31.5","31.5","31.5","31.5",
